{
  "miniapp": {
    "version": "1",
    "name": "Reward Campaign Studio",
    "iconUrl": "https://usdozf7pplhxfvrl.public.blob.vercel-storage.com/thumbnail_6554dceb-9dca-46d1-8741-27f3d13ae488-wVCFtEDePQxg5pKaZu7fcHtJBZFokJ",
    "homeUrl": "https://stretch-chemical-637.app.ohara.ai",
    "imageUrl": "https://usdozf7pplhxfvrl.public.blob.vercel-storage.com/thumbnail_6554dceb-9dca-46d1-8741-27f3d13ae488-wVCFtEDePQxg5pKaZu7fcHtJBZFokJ",
    "buttonTitle": "Open with Ohara",
    "splashImageUrl": "https://usdozf7pplhxfvrl.public.blob.vercel-storage.com/farcaster/splash_images/splash_image1.svg",
    "splashBackgroundColor": "#ffffff",
    "tags": [
      "ohara",
      "mini-app",
      "base",
      "farcaster"
    ],
    "primaryCategory": "entertainment",
    "ogTitle": "Reward Campaign Studio",
    "ogImageUrl": "https://usdozf7pplhxfvrl.public.blob.vercel-storage.com/thumbnail_6554dceb-9dca-46d1-8741-27f3d13ae488-wVCFtEDePQxg5pKaZu7fcHtJBZFokJ"
  },
  "baseBuilder": {
    "allowedAddresses": [
      ""
    ]
  }
}
