{
  "miniapp": {
    "version": "1",
    "name": "DreamNet Protocol Maker",
    "iconUrl": "https://usdozf7pplhxfvrl.public.blob.vercel-storage.com/thumbnail_bd244d52-d17a-4164-b290-3e6a1301861c-GvyDQDicFo6T9NtKVPXlzhKMDEy08O",
    "homeUrl": "https://mill-pie-452.app.ohara.ai",
    "imageUrl": "https://usdozf7pplhxfvrl.public.blob.vercel-storage.com/thumbnail_bd244d52-d17a-4164-b290-3e6a1301861c-GvyDQDicFo6T9NtKVPXlzhKMDEy08O",
    "buttonTitle": "Open with Ohara",
    "splashImageUrl": "https://usdozf7pplhxfvrl.public.blob.vercel-storage.com/farcaster/splash_images/splash_image1.svg",
    "splashBackgroundColor": "#ffffff",
    "tags": [
      "ohara",
      "mini-app",
      "base",
      "farcaster"
    ],
    "primaryCategory": "entertainment",
    "ogTitle": "DreamNet Protocol Maker",
    "ogImageUrl": "https://usdozf7pplhxfvrl.public.blob.vercel-storage.com/thumbnail_bd244d52-d17a-4164-b290-3e6a1301861c-GvyDQDicFo6T9NtKVPXlzhKMDEy08O"
  },
  "baseBuilder": {
    "allowedAddresses": [
      ""
    ]
  },
  "accountAssociation": {
    "header": "eyJmaWQiOjE0NzcxNDIsInR5cGUiOiJhdXRoIiwia2V5IjoiMHg3RDc5RTkwMjQ4MjQ2OWRBNjQ5NzdkMkIwOTc3MTIwQzc3MDI5NTkzIn0",
    "payload": "eyJkb21haW4iOiJtaWxsLXBpZS00NTIuYXBwLm9oYXJhLmFpIn0",
    "signature": "cigslj7rRymQDaG1ec6kKAyAWM/tWvxTn68P/N49wMgzzRcCmlnShYdiR0/6EcV/qZQQvx8Ayral6OosihlwlBw="
  }
}
