{
  "miniapp": {
    "version": "1",
    "name": "MetalsMind Pro",
    "iconUrl": "https://usdozf7pplhxfvrl.public.blob.vercel-storage.com/thumbnail_9f07df38-b795-4bb4-965f-34581633dd5e-qHd6KMi2hkf6M8uiG7qTIhbX8xm2Of",
    "homeUrl": "https://waste-small-601.app.ohara.ai",
    "imageUrl": "https://usdozf7pplhxfvrl.public.blob.vercel-storage.com/thumbnail_9f07df38-b795-4bb4-965f-34581633dd5e-qHd6KMi2hkf6M8uiG7qTIhbX8xm2Of",
    "buttonTitle": "Open with Ohara",
    "splashImageUrl": "https://usdozf7pplhxfvrl.public.blob.vercel-storage.com/farcaster/splash_images/splash_image1.svg",
    "splashBackgroundColor": "#ffffff",
    "tags": [
      "ohara",
      "mini-app",
      "base",
      "farcaster"
    ],
    "primaryCategory": "entertainment",
    "ogTitle": "MetalsMind Pro",
    "ogImageUrl": "https://usdozf7pplhxfvrl.public.blob.vercel-storage.com/thumbnail_9f07df38-b795-4bb4-965f-34581633dd5e-qHd6KMi2hkf6M8uiG7qTIhbX8xm2Of"
  },
  "baseBuilder": {
    "allowedAddresses": [
      ""
    ]
  },
  "accountAssociation": {
    "header": "eyJmaWQiOjE0NzcxNDIsInR5cGUiOiJhdXRoIiwia2V5IjoiMHg3RDc5RTkwMjQ4MjQ2OWRBNjQ5NzdkMkIwOTc3MTIwQzc3MDI5NTkzIn0",
    "payload": "eyJkb21haW4iOiJ3YXN0ZS1zbWFsbC02MDEuYXBwLm9oYXJhLmFpIn0",
    "signature": "UbRe+7zTS5Op5rtyOD5RRm5w0aWBQmhyA+Fk+0GiZvRwz4mMLcDmLiaeDGgFFef+LLN9aoEjzY9kIZ13BYZRThw="
  }
}
