{
  "miniapp": {
    "version": "1",
    "name": "DreamNet Time Orchestrator",
    "iconUrl": "https://usdozf7pplhxfvrl.public.blob.vercel-storage.com/thumbnail_0bcbafef-b65e-4eab-93e2-a4aa44994385-yDh7xSHswPX9XMXDnNK7UKJ051scKc",
    "homeUrl": "https://tube-stay-505.app.ohara.ai",
    "imageUrl": "https://usdozf7pplhxfvrl.public.blob.vercel-storage.com/thumbnail_0bcbafef-b65e-4eab-93e2-a4aa44994385-yDh7xSHswPX9XMXDnNK7UKJ051scKc",
    "buttonTitle": "Open with Ohara",
    "splashImageUrl": "https://usdozf7pplhxfvrl.public.blob.vercel-storage.com/farcaster/splash_images/splash_image1.svg",
    "splashBackgroundColor": "#ffffff",
    "tags": [
      "ohara",
      "mini-app",
      "base",
      "farcaster"
    ],
    "primaryCategory": "entertainment",
    "ogTitle": "DreamNet Time Orchestrator",
    "ogImageUrl": "https://usdozf7pplhxfvrl.public.blob.vercel-storage.com/thumbnail_0bcbafef-b65e-4eab-93e2-a4aa44994385-yDh7xSHswPX9XMXDnNK7UKJ051scKc"
  },
  "baseBuilder": {
    "allowedAddresses": [
      ""
    ]
  },
  "accountAssociation": {
    "header": "eyJmaWQiOjE0NzcxNDIsInR5cGUiOiJjdXN0b2R5Iiwia2V5IjoiMHhENmMyNDdkRTgzMUI0MTkwYWZCYzM0ZTNhOTlDYzZGNzVDNjgwMEU2In0",
    "payload": "eyJkb21haW4iOiJ0dWJlLXN0YXktNTA1LmFwcC5vaGFyYS5haSJ9",
    "signature": "NrjfnutZkpcs72z7Tnrlmlz/66uud7Z5lVI5goZcsmwfT+aGaeYg/vQQyiWYeyTva9S/WgDX3/KCiik58JE+9Bw="
  }
}
