{
  "miniapp": {
    "version": "1",
    "name": "Resonance Radar",
    "iconUrl": "https://usdozf7pplhxfvrl.public.blob.vercel-storage.com/thumbnail_2db724c5-19bf-49fa-85ac-3d430f05f5c8-Y9F2laCrSDpHIGihEhl8pCza4fiY5m",
    "homeUrl": "https://supply-never-639.app.ohara.ai",
    "imageUrl": "https://usdozf7pplhxfvrl.public.blob.vercel-storage.com/thumbnail_2db724c5-19bf-49fa-85ac-3d430f05f5c8-Y9F2laCrSDpHIGihEhl8pCza4fiY5m",
    "buttonTitle": "Open with Ohara",
    "splashImageUrl": "https://usdozf7pplhxfvrl.public.blob.vercel-storage.com/farcaster/splash_images/splash_image1.svg",
    "splashBackgroundColor": "#ffffff",
    "tags": [
      "ohara",
      "mini-app",
      "base",
      "farcaster"
    ],
    "primaryCategory": "entertainment",
    "ogTitle": "Resonance Radar",
    "ogImageUrl": "https://usdozf7pplhxfvrl.public.blob.vercel-storage.com/thumbnail_2db724c5-19bf-49fa-85ac-3d430f05f5c8-Y9F2laCrSDpHIGihEhl8pCza4fiY5m"
  },
  "baseBuilder": {
    "allowedAddresses": [
      ""
    ]
  },
  "accountAssociation": {
    "header": "eyJmaWQiOjE0NzcxNDIsInR5cGUiOiJjdXN0b2R5Iiwia2V5IjoiMHhENmMyNDdkRTgzMUI0MTkwYWZCYzM0ZTNhOTlDYzZGNzVDNjgwMEU2In0",
    "payload": "eyJkb21haW4iOiJzdXBwbHktbmV2ZXItNjM5LmFwcC5vaGFyYS5haSJ9",
    "signature": "GVxVvlRFZ35Gt5cmgI39fukNhvDXscBK/7FUstIEEtVB37LeWfDBLYb3OsbwpLM5bDPklqRKQrO+WIS2x1K22Bs="
  }
}
