{
  "miniapp": {
    "version": "1",
    "name": "DreamHive Navigator",
    "iconUrl": "https://usdozf7pplhxfvrl.public.blob.vercel-storage.com/thumbnail_a460666c-05c8-496d-a356-e2fea34544f9-xKb1K36EEEIrpMlzvdZL1qW1JI8fPq",
    "homeUrl": "https://fight-information-575.app.ohara.ai",
    "imageUrl": "https://usdozf7pplhxfvrl.public.blob.vercel-storage.com/thumbnail_a460666c-05c8-496d-a356-e2fea34544f9-xKb1K36EEEIrpMlzvdZL1qW1JI8fPq",
    "buttonTitle": "Open with Ohara",
    "splashImageUrl": "https://usdozf7pplhxfvrl.public.blob.vercel-storage.com/farcaster/splash_images/splash_image1.svg",
    "splashBackgroundColor": "#ffffff",
    "tags": [
      "ohara",
      "mini-app",
      "base",
      "farcaster"
    ],
    "primaryCategory": "entertainment",
    "ogTitle": "DreamHive Navigator",
    "ogImageUrl": "https://usdozf7pplhxfvrl.public.blob.vercel-storage.com/thumbnail_a460666c-05c8-496d-a356-e2fea34544f9-xKb1K36EEEIrpMlzvdZL1qW1JI8fPq"
  },
  "baseBuilder": {
    "allowedAddresses": [
      ""
    ]
  },
  "accountAssociation": {
    "header": "eyJmaWQiOjE0NzcxNDIsInR5cGUiOiJhdXRoIiwia2V5IjoiMHg3RDc5RTkwMjQ4MjQ2OWRBNjQ5NzdkMkIwOTc3MTIwQzc3MDI5NTkzIn0",
    "payload": "eyJkb21haW4iOiJmaWdodC1pbmZvcm1hdGlvbi01NzUuYXBwLm9oYXJhLmFpIn0",
    "signature": "t18C3TFv7n2uVDpXoBE8AEwIVXkVXfGF+3xY+2mWeExrSFlw++GM0M1r+aEmM8iIlbiCPIl4V+CaIYiKwtUyKxw="
  }
}
