{
  "miniapp": {
    "version": "1",
    "name": "DreamNet Sovereign Soul",
    "iconUrl": "https://usdozf7pplhxfvrl.public.blob.vercel-storage.com/thumbnail_43f0e92a-0478-4e8d-80d5-d9eb81ac06d5-QlqS61uDP2AVeIYrIoNBv0MLpFkLSo",
    "homeUrl": "https://settle-pet-272.app.ohara.ai",
    "imageUrl": "https://usdozf7pplhxfvrl.public.blob.vercel-storage.com/thumbnail_43f0e92a-0478-4e8d-80d5-d9eb81ac06d5-QlqS61uDP2AVeIYrIoNBv0MLpFkLSo",
    "buttonTitle": "Open with Ohara",
    "splashImageUrl": "https://usdozf7pplhxfvrl.public.blob.vercel-storage.com/farcaster/splash_images/splash_image1.svg",
    "splashBackgroundColor": "#ffffff",
    "tags": [
      "ohara",
      "mini-app",
      "base",
      "farcaster"
    ],
    "primaryCategory": "entertainment",
    "ogTitle": "DreamNet Sovereign Soul",
    "ogImageUrl": "https://usdozf7pplhxfvrl.public.blob.vercel-storage.com/thumbnail_43f0e92a-0478-4e8d-80d5-d9eb81ac06d5-QlqS61uDP2AVeIYrIoNBv0MLpFkLSo",
    "screenshotUrls": []
  },
  "baseBuilder": {
    "ownerAddress": ""
  }
}
