{
  "miniapp": {
    "version": "1",
    "name": "DreamNet Debug Oracle",
    "iconUrl": "https://placehold.co/600x400",
    "homeUrl": "https://tried-below-197.app.ohara.ai",
    "imageUrl": "https://placehold.co/600x400",
    "buttonTitle": "Open with Ohara",
    "splashImageUrl": "https://usdozf7pplhxfvrl.public.blob.vercel-storage.com/farcaster/splash_images/splash_image1.svg",
    "splashBackgroundColor": "#ffffff",
    "tags": [
      "ohara",
      "mini-app",
      "base",
      "farcaster"
    ],
    "primaryCategory": "entertainment",
    "ogTitle": "DreamNet Debug Oracle",
    "ogImageUrl": "https://placehold.co/600x400"
  },
  "baseBuilder": {
    "allowedAddresses": [
      ""
    ]
  },
  "accountAssociation": {
    "header": "eyJmaWQiOjE0NzcxNDIsInR5cGUiOiJjdXN0b2R5Iiwia2V5IjoiMHhENmMyNDdkRTgzMUI0MTkwYWZCYzM0ZTNhOTlDYzZGNzVDNjgwMEU2In0",
    "payload": "eyJkb21haW4iOiJ0cmllZC1iZWxvdy0xOTcuYXBwLm9oYXJhLmFpIn0",
    "signature": "1yzI2YsKwbJZKxi5yHbzH5Zf1cK3IYduCTYQ7ceCLlBXXWz9kdyZeUE3vOg7fMuXIz6hCjDyvnjO1IXBPbzNmRs="
  }
}
