{
  "miniapp": {
    "version": "1",
    "name": "DreamNet Memory Vault",
    "iconUrl": "https://usdozf7pplhxfvrl.public.blob.vercel-storage.com/thumbnail_16e88572-0967-443b-ad66-82ae3d93b36d-bD5J9G2FDIQuAYLm7XcsRddZqrVFpi",
    "homeUrl": "https://divide-page-626.app.ohara.ai",
    "imageUrl": "https://usdozf7pplhxfvrl.public.blob.vercel-storage.com/thumbnail_16e88572-0967-443b-ad66-82ae3d93b36d-bD5J9G2FDIQuAYLm7XcsRddZqrVFpi",
    "buttonTitle": "Open with Ohara",
    "splashImageUrl": "https://usdozf7pplhxfvrl.public.blob.vercel-storage.com/farcaster/splash_images/splash_image1.svg",
    "splashBackgroundColor": "#ffffff",
    "tags": [
      "ohara",
      "mini-app",
      "base",
      "farcaster"
    ],
    "primaryCategory": "entertainment",
    "ogTitle": "DreamNet Memory Vault",
    "ogImageUrl": "https://usdozf7pplhxfvrl.public.blob.vercel-storage.com/thumbnail_16e88572-0967-443b-ad66-82ae3d93b36d-bD5J9G2FDIQuAYLm7XcsRddZqrVFpi"
  },
  "baseBuilder": {
    "allowedAddresses": [
      ""
    ]
  },
  "accountAssociation": {
    "header": "eyJmaWQiOjE0NzcxNDIsInR5cGUiOiJhdXRoIiwia2V5IjoiMHg3RDc5RTkwMjQ4MjQ2OWRBNjQ5NzdkMkIwOTc3MTIwQzc3MDI5NTkzIn0",
    "payload": "eyJkb21haW4iOiJkaXZpZGUtcGFnZS02MjYuYXBwLm9oYXJhLmFpIn0",
    "signature": "9t6dc6Ie/tLhLGBH3eE7zcvx2Y8SouM2iMrF6X11WsAyT+PFlNXsMr5AxVpnV7RffFKmB0OXocduZHR8l0pPNxw="
  }
}
