{
  "miniapp": {
    "version": "1",
    "name": "DreamStar Music",
    "iconUrl": "https://usdozf7pplhxfvrl.public.blob.vercel-storage.com/thumbnail_42b8aa23-d1f9-4a4e-8af1-2ea03c72d99c-tZbVKD3U2GVk8wDA650lKaKaukKbgg",
    "homeUrl": "https://prize-land-431.app.ohara.ai",
    "imageUrl": "https://usdozf7pplhxfvrl.public.blob.vercel-storage.com/thumbnail_42b8aa23-d1f9-4a4e-8af1-2ea03c72d99c-tZbVKD3U2GVk8wDA650lKaKaukKbgg",
    "buttonTitle": "Open with Ohara",
    "splashImageUrl": "https://usdozf7pplhxfvrl.public.blob.vercel-storage.com/farcaster/splash_images/splash_image1.svg",
    "splashBackgroundColor": "#0052ff",
    "tags": [
      "ohara",
      "mini-app",
      "base",
      "farcaster",
      "music",
      "ai",
      "fair"
    ],
    "primaryCategory": "entertainment",
    "ogTitle": "DreamStar Music",
    "ogImageUrl": "https://usdozf7pplhxfvrl.public.blob.vercel-storage.com/thumbnail_42b8aa23-d1f9-4a4e-8af1-2ea03c72d99c-tZbVKD3U2GVk8wDA650lKaKaukKbgg",
    "screenshotUrls": []
  },
  "baseBuilder": {
    "ownerAddress": "",
    "nativeToken": "FAIR"
  }
}