{
  "miniapp": {
    "version": "1",
    "name": "Idea-to-SaaS Transformer",
    "iconUrl": "https://usdozf7pplhxfvrl.public.blob.vercel-storage.com/thumbnail_b3c5f5f4-9706-4f37-aee4-5508aacd51f2-KyEYuP6i9cNknUAjoKwIrw4bGzLIah",
    "homeUrl": "https://rain-meet-630.app.ohara.ai",
    "imageUrl": "https://usdozf7pplhxfvrl.public.blob.vercel-storage.com/thumbnail_b3c5f5f4-9706-4f37-aee4-5508aacd51f2-KyEYuP6i9cNknUAjoKwIrw4bGzLIah",
    "buttonTitle": "Open with Ohara",
    "splashImageUrl": "https://usdozf7pplhxfvrl.public.blob.vercel-storage.com/farcaster/splash_images/splash_image1.svg",
    "splashBackgroundColor": "#ffffff",
    "tags": [
      "ohara",
      "mini-app",
      "base",
      "farcaster"
    ],
    "primaryCategory": "entertainment",
    "ogTitle": "Idea-to-SaaS Transformer",
    "ogImageUrl": "https://usdozf7pplhxfvrl.public.blob.vercel-storage.com/thumbnail_b3c5f5f4-9706-4f37-aee4-5508aacd51f2-KyEYuP6i9cNknUAjoKwIrw4bGzLIah"
  },
  "baseBuilder": {
    "allowedAddresses": [
      ""
    ]
  },
  "accountAssociation": {
    "header": "eyJmaWQiOjE0NzcxNDIsInR5cGUiOiJhdXRoIiwia2V5IjoiMHg3RDc5RTkwMjQ4MjQ2OWRBNjQ5NzdkMkIwOTc3MTIwQzc3MDI5NTkzIn0",
    "payload": "eyJkb21haW4iOiJyYWluLW1lZXQtNjMwLmFwcC5vaGFyYS5haSJ9",
    "signature": "1GpqB+9a+jPSX1jcrBBRjn182hu6znsqOwfFEAbh4Hku3+gGBN3+5NXKH9vh7QI1ApmpxQ5JKJ1aSrgoX3FXSxw="
  }
}
