{
  "miniapp": {
    "version": "1",
    "name": "CryptoGuardian",
    "iconUrl": "https://usdozf7pplhxfvrl.public.blob.vercel-storage.com/thumbnail_0c8a0f01-cbfa-492e-ac97-1da584c61ba4-uvs1fV1bPbAYAdzz4wnvNdFnuUZ5Gh",
    "homeUrl": "https://ocean-location-819.app.ohara.ai",
    "imageUrl": "https://usdozf7pplhxfvrl.public.blob.vercel-storage.com/thumbnail_0c8a0f01-cbfa-492e-ac97-1da584c61ba4-uvs1fV1bPbAYAdzz4wnvNdFnuUZ5Gh",
    "buttonTitle": "Open with Ohara",
    "splashImageUrl": "https://usdozf7pplhxfvrl.public.blob.vercel-storage.com/farcaster/splash_images/splash_image1.svg",
    "splashBackgroundColor": "#ffffff",
    "tags": [
      "ohara",
      "mini-app",
      "base",
      "farcaster"
    ],
    "primaryCategory": "entertainment",
    "ogTitle": "CryptoGuardian",
    "ogImageUrl": "https://usdozf7pplhxfvrl.public.blob.vercel-storage.com/thumbnail_0c8a0f01-cbfa-492e-ac97-1da584c61ba4-uvs1fV1bPbAYAdzz4wnvNdFnuUZ5Gh"
  },
  "baseBuilder": {
    "allowedAddresses": [
      ""
    ]
  },
  "accountAssociation": {
    "header": "eyJmaWQiOjE0NzcxNDIsInR5cGUiOiJhdXRoIiwia2V5IjoiMHg3RDc5RTkwMjQ4MjQ2OWRBNjQ5NzdkMkIwOTc3MTIwQzc3MDI5NTkzIn0",
    "payload": "eyJkb21haW4iOiJvY2Vhbi1sb2NhdGlvbi04MTkuYXBwLm9oYXJhLmFpIn0",
    "signature": "Mi0hzvQQOcyEr7AfFFSRvD9RGNoySMbnttsRMurbtfYoOKB1rjPUI9DANoUkTeV65IkSKg4c3XDHcCqW16GsNRs="
  }
}
