{
  "miniapp": {
    "version": "1",
    "name": "DreamNet Risk Lab",
    "iconUrl": "https://usdozf7pplhxfvrl.public.blob.vercel-storage.com/thumbnail_c55f3743-6918-4d5e-a6b7-dcd393da3a0a-dWkFf52v1hfG80I9FXamE395Y3Lnx7",
    "homeUrl": "https://combination-sum-639.app.ohara.ai",
    "imageUrl": "https://usdozf7pplhxfvrl.public.blob.vercel-storage.com/thumbnail_c55f3743-6918-4d5e-a6b7-dcd393da3a0a-dWkFf52v1hfG80I9FXamE395Y3Lnx7",
    "buttonTitle": "Open with Ohara",
    "splashImageUrl": "https://usdozf7pplhxfvrl.public.blob.vercel-storage.com/farcaster/splash_images/splash_image1.svg",
    "splashBackgroundColor": "#ffffff",
    "tags": [
      "ohara",
      "mini-app",
      "base",
      "farcaster"
    ],
    "primaryCategory": "entertainment",
    "ogTitle": "DreamNet Risk Lab",
    "ogImageUrl": "https://usdozf7pplhxfvrl.public.blob.vercel-storage.com/thumbnail_c55f3743-6918-4d5e-a6b7-dcd393da3a0a-dWkFf52v1hfG80I9FXamE395Y3Lnx7"
  },
  "baseBuilder": {
    "allowedAddresses": [
      ""
    ]
  }
}
