{
  "miniapp": {
    "version": "1",
    "name": "InspireMate",
    "iconUrl": "https://usdozf7pplhxfvrl.public.blob.vercel-storage.com/thumbnail_ceef28eb-869e-426b-a0d5-521f14acc24a-fANNzOYNSw1u6t4NdjoHmSB5OIAj9j",
    "homeUrl": "https://faster-dropped-004.app.ohara.ai",
    "imageUrl": "https://usdozf7pplhxfvrl.public.blob.vercel-storage.com/thumbnail_ceef28eb-869e-426b-a0d5-521f14acc24a-fANNzOYNSw1u6t4NdjoHmSB5OIAj9j",
    "buttonTitle": "Open with Ohara",
    "splashImageUrl": "https://usdozf7pplhxfvrl.public.blob.vercel-storage.com/farcaster/splash_images/splash_image1.svg",
    "splashBackgroundColor": "#ffffff",
    "tags": [
      "ohara",
      "mini-app",
      "base",
      "farcaster"
    ],
    "primaryCategory": "entertainment",
    "ogTitle": "InspireMate",
    "ogImageUrl": "https://usdozf7pplhxfvrl.public.blob.vercel-storage.com/thumbnail_ceef28eb-869e-426b-a0d5-521f14acc24a-fANNzOYNSw1u6t4NdjoHmSB5OIAj9j"
  },
  "baseBuilder": {
    "allowedAddresses": [
      ""
    ]
  },
  "accountAssociation": {
    "header": "eyJmaWQiOjE0NzcxNDIsInR5cGUiOiJjdXN0b2R5Iiwia2V5IjoiMHhENmMyNDdkRTgzMUI0MTkwYWZCYzM0ZTNhOTlDYzZGNzVDNjgwMEU2In0",
    "payload": "eyJkb21haW4iOiJmYXN0ZXItZHJvcHBlZC0wMDQuYXBwLm9oYXJhLmFpIn0",
    "signature": "yDi6cBhMF3dJqcCWB8HXFdRRaHi8QHdJieac4c1l+B1MaQeMcnyAWDl//OVctuN/dknD/Y+Lz5nJfbb4xvIPDBs="
  }
}
