{
  "miniapp": {
    "version": "1",
    "name": "OnChain Identity Modes",
    "iconUrl": "https://usdozf7pplhxfvrl.public.blob.vercel-storage.com/thumbnail_bfe42114-8679-4821-8754-38442759410d-kME3w2n0DibcmgwEOh3xUrdoE5SuSr",
    "homeUrl": "https://teach-law-800.app.ohara.ai",
    "imageUrl": "https://usdozf7pplhxfvrl.public.blob.vercel-storage.com/thumbnail_bfe42114-8679-4821-8754-38442759410d-kME3w2n0DibcmgwEOh3xUrdoE5SuSr",
    "buttonTitle": "Open with Ohara",
    "splashImageUrl": "https://usdozf7pplhxfvrl.public.blob.vercel-storage.com/farcaster/splash_images/splash_image1.svg",
    "splashBackgroundColor": "#ffffff",
    "tags": [
      "ohara",
      "mini-app",
      "base",
      "farcaster"
    ],
    "primaryCategory": "entertainment",
    "ogTitle": "OnChain Identity Modes",
    "ogImageUrl": "https://usdozf7pplhxfvrl.public.blob.vercel-storage.com/thumbnail_bfe42114-8679-4821-8754-38442759410d-kME3w2n0DibcmgwEOh3xUrdoE5SuSr"
  },
  "baseBuilder": {
    "allowedAddresses": [
      ""
    ]
  },
  "accountAssociation": {
    "header": "eyJmaWQiOjE0NzcxNDIsInR5cGUiOiJhdXRoIiwia2V5IjoiMHg3RDc5RTkwMjQ4MjQ2OWRBNjQ5NzdkMkIwOTc3MTIwQzc3MDI5NTkzIn0",
    "payload": "eyJkb21haW4iOiJ0ZWFjaC1sYXctODAwLmFwcC5vaGFyYS5haSJ9",
    "signature": "IkQ/8Dj3AGvg+X/nUyNBKipbJKmCvaQtY+wNHWUCEO1r2EJSAFUVAIQzfOheHvzZjLigmqKuzZPj0Y9T92G01Bw="
  }
}
