{
  "miniapp": {
    "version": "1",
    "name": "PulseCaster",
    "iconUrl": "https://usdozf7pplhxfvrl.public.blob.vercel-storage.com/thumbnail_65998087-5f33-4d57-97a7-54abb8da9cbe-hKpPkZJpw3mL4gildJNXcpxdGgpONR",
    "homeUrl": "https://tight-bowl-080.app.ohara.ai",
    "imageUrl": "https://usdozf7pplhxfvrl.public.blob.vercel-storage.com/thumbnail_65998087-5f33-4d57-97a7-54abb8da9cbe-hKpPkZJpw3mL4gildJNXcpxdGgpONR",
    "buttonTitle": "Open with Ohara",
    "splashImageUrl": "https://usdozf7pplhxfvrl.public.blob.vercel-storage.com/farcaster/splash_images/splash_image1.svg",
    "splashBackgroundColor": "#ffffff",
    "tags": [
      "ohara",
      "mini-app",
      "base",
      "farcaster"
    ],
    "primaryCategory": "entertainment",
    "ogTitle": "PulseCaster",
    "ogImageUrl": "https://usdozf7pplhxfvrl.public.blob.vercel-storage.com/thumbnail_65998087-5f33-4d57-97a7-54abb8da9cbe-hKpPkZJpw3mL4gildJNXcpxdGgpONR"
  },
  "baseBuilder": {
    "allowedAddresses": [
      ""
    ]
  }
}
