{
  "miniapp": {
    "version": "1",
    "name": "Matchup Predictor for Bettors",
    "iconUrl": "https://usdozf7pplhxfvrl.public.blob.vercel-storage.com/thumbnail_b1a85951-cfd9-4a53-8635-6666c4bc78be-enBlJOtmpRAgeo5aY0m7KtqDp7t5Vc",
    "homeUrl": "https://loose-purpose-516.app.ohara.ai",
    "imageUrl": "https://usdozf7pplhxfvrl.public.blob.vercel-storage.com/thumbnail_b1a85951-cfd9-4a53-8635-6666c4bc78be-enBlJOtmpRAgeo5aY0m7KtqDp7t5Vc",
    "buttonTitle": "Open with Ohara",
    "splashImageUrl": "https://usdozf7pplhxfvrl.public.blob.vercel-storage.com/farcaster/splash_images/splash_image1.svg",
    "splashBackgroundColor": "#ffffff",
    "tags": [
      "ohara",
      "mini-app",
      "base",
      "farcaster"
    ],
    "primaryCategory": "entertainment",
    "ogTitle": "Matchup Predictor for Bettors",
    "ogImageUrl": "https://usdozf7pplhxfvrl.public.blob.vercel-storage.com/thumbnail_b1a85951-cfd9-4a53-8635-6666c4bc78be-enBlJOtmpRAgeo5aY0m7KtqDp7t5Vc"
  },
  "baseBuilder": {
    "allowedAddresses": [
      ""
    ]
  },
  "accountAssociation": {
    "header": "eyJmaWQiOjE0NzcxNDIsInR5cGUiOiJjdXN0b2R5Iiwia2V5IjoiMHhENmMyNDdkRTgzMUI0MTkwYWZCYzM0ZTNhOTlDYzZGNzVDNjgwMEU2In0",
    "payload": "eyJkb21haW4iOiJsb29zZS1wdXJwb3NlLTUxNi5hcHAub2hhcmEuYWkifQ",
    "signature": "J5dleiJ71y5di2VsLNTmiVwQW/O771iwR/x8QLqbNbsbl8zqD4006fZrvf2tzke5rsl5y4B7mJiOTSnfDHF5LBs="
  }
}
