{
  "miniapp": {
    "version": "1",
    "name": "Precious Metals Dealer Tool",
    "iconUrl": "https://usdozf7pplhxfvrl.public.blob.vercel-storage.com/thumbnail_920bcd1c-8f39-4e4a-8960-dfa58d161138-TkzymCYljh8QPzuHKTlcrqxtpQzxUI",
    "homeUrl": "https://wood-divide-952.app.ohara.ai",
    "imageUrl": "https://usdozf7pplhxfvrl.public.blob.vercel-storage.com/thumbnail_920bcd1c-8f39-4e4a-8960-dfa58d161138-TkzymCYljh8QPzuHKTlcrqxtpQzxUI",
    "buttonTitle": "Open with Ohara",
    "splashImageUrl": "https://usdozf7pplhxfvrl.public.blob.vercel-storage.com/farcaster/splash_images/splash_image1.svg",
    "splashBackgroundColor": "#ffffff",
    "tags": [
      "ohara",
      "mini-app",
      "base",
      "farcaster"
    ],
    "primaryCategory": "entertainment",
    "ogTitle": "Precious Metals Dealer Tool",
    "ogImageUrl": "https://usdozf7pplhxfvrl.public.blob.vercel-storage.com/thumbnail_920bcd1c-8f39-4e4a-8960-dfa58d161138-TkzymCYljh8QPzuHKTlcrqxtpQzxUI"
  },
  "baseBuilder": {
    "allowedAddresses": [
      ""
    ]
  },
  "accountAssociation": {
    "header": "eyJmaWQiOjE0NzcxNDIsInR5cGUiOiJhdXRoIiwia2V5IjoiMHg3RDc5RTkwMjQ4MjQ2OWRBNjQ5NzdkMkIwOTc3MTIwQzc3MDI5NTkzIn0",
    "payload": "eyJkb21haW4iOiJ3b29kLWRpdmlkZS05NTIuYXBwLm9oYXJhLmFpIn0",
    "signature": "jheZS6wF7naOp6n0x1RWh8SvTuc88zaGN+YOe3Nqr/4bnuT/8PC0S9hT6P5DPNJ5MpQNDciao38KIVziKDVG8Bs="
  }
}
