{
  "miniapp": {
    "version": "1",
    "name": "Gold Arbitrage Insight",
    "iconUrl": "https://usdozf7pplhxfvrl.public.blob.vercel-storage.com/thumbnail_ea62da60-8474-4fee-a017-0fc66f9f424e-6kG5TkrBrFnoWepQZwWyc5a7AYqTtV",
    "homeUrl": "https://suggest-trouble-786.app.ohara.ai",
    "imageUrl": "https://usdozf7pplhxfvrl.public.blob.vercel-storage.com/thumbnail_ea62da60-8474-4fee-a017-0fc66f9f424e-6kG5TkrBrFnoWepQZwWyc5a7AYqTtV",
    "buttonTitle": "Open with Ohara",
    "splashImageUrl": "https://usdozf7pplhxfvrl.public.blob.vercel-storage.com/farcaster/splash_images/splash_image1.svg",
    "splashBackgroundColor": "#ffffff",
    "tags": [
      "ohara",
      "mini-app",
      "base",
      "farcaster"
    ],
    "primaryCategory": "entertainment",
    "ogTitle": "Gold Arbitrage Insight",
    "ogImageUrl": "https://usdozf7pplhxfvrl.public.blob.vercel-storage.com/thumbnail_ea62da60-8474-4fee-a017-0fc66f9f424e-6kG5TkrBrFnoWepQZwWyc5a7AYqTtV"
  },
  "baseBuilder": {
    "allowedAddresses": [
      ""
    ]
  },
  "accountAssociation": {
    "header": "eyJmaWQiOjE0NzcxNDIsInR5cGUiOiJhdXRoIiwia2V5IjoiMHg3RDc5RTkwMjQ4MjQ2OWRBNjQ5NzdkMkIwOTc3MTIwQzc3MDI5NTkzIn0",
    "payload": "eyJkb21haW4iOiJzdWdnZXN0LXRyb3VibGUtNzg2LmFwcC5vaGFyYS5haSJ9",
    "signature": "s7vz0/pm6w1/b/hORJ9qYFiwGR2WUPBz8M2MutfIBJxJDfEMrlm8XeEIi9EJuka/TXEIe/f9WLvjTBdXEmf4zRw="
  }
}
