{
  "miniapp": {
    "version": "1",
    "name": "DreamLens Scout",
    "iconUrl": "https://placehold.co/600x400",
    "homeUrl": "https://softly-frame-304.app.ohara.ai",
    "imageUrl": "https://placehold.co/600x400",
    "buttonTitle": "Open with Ohara",
    "splashImageUrl": "https://usdozf7pplhxfvrl.public.blob.vercel-storage.com/farcaster/splash_images/splash_image1.svg",
    "splashBackgroundColor": "#ffffff",
    "tags": [
      "ohara",
      "mini-app",
      "base",
      "farcaster"
    ],
    "primaryCategory": "entertainment",
    "ogTitle": "DreamLens Scout",
    "ogImageUrl": "https://placehold.co/600x400"
  },
  "baseBuilder": {
    "allowedAddresses": [
      ""
    ]
  },
  "accountAssociation": {
    "header": "eyJmaWQiOjE0NzcxNDIsInR5cGUiOiJjdXN0b2R5Iiwia2V5IjoiMHhENmMyNDdkRTgzMUI0MTkwYWZCYzM0ZTNhOTlDYzZGNzVDNjgwMEU2In0",
    "payload": "eyJkb21haW4iOiJzb2Z0bHktZnJhbWUtMzA0LmFwcC5vaGFyYS5haSJ9",
    "signature": "1/47tUUdwUhBNfttfQCRhBFQJNOEprnmhvh9wnEliIJGPPeFuZKm+D0fQJB7CRxnoKTg9O+5uzNSeq91tFjaDBw="
  }
}
