{
  "miniapp": {
    "version": "1",
    "name": "DataHub Core Manager",
    "iconUrl": "https://usdozf7pplhxfvrl.public.blob.vercel-storage.com/thumbnail_9d17786f-72d4-4d6d-88a7-410b4eba7c9a-GWbwZkdtBgkfDtoepw2taQOUudqbwg",
    "homeUrl": "https://figure-spend-362.app.ohara.ai",
    "imageUrl": "https://usdozf7pplhxfvrl.public.blob.vercel-storage.com/thumbnail_9d17786f-72d4-4d6d-88a7-410b4eba7c9a-GWbwZkdtBgkfDtoepw2taQOUudqbwg",
    "buttonTitle": "Open with Ohara",
    "splashImageUrl": "https://usdozf7pplhxfvrl.public.blob.vercel-storage.com/farcaster/splash_images/splash_image1.svg",
    "splashBackgroundColor": "#ffffff",
    "tags": [
      "ohara",
      "mini-app",
      "base",
      "farcaster"
    ],
    "primaryCategory": "entertainment",
    "ogTitle": "DataHub Core Manager",
    "ogImageUrl": "https://usdozf7pplhxfvrl.public.blob.vercel-storage.com/thumbnail_9d17786f-72d4-4d6d-88a7-410b4eba7c9a-GWbwZkdtBgkfDtoepw2taQOUudqbwg"
  },
  "baseBuilder": {
    "allowedAddresses": [
      ""
    ]
  },
  "accountAssociation": {
    "header": "eyJmaWQiOjE0NzcxNDIsInR5cGUiOiJhdXRoIiwia2V5IjoiMHg3RDc5RTkwMjQ4MjQ2OWRBNjQ5NzdkMkIwOTc3MTIwQzc3MDI5NTkzIn0",
    "payload": "eyJkb21haW4iOiJmaWd1cmUtc3BlbmQtMzYyLmFwcC5vaGFyYS5haSJ9",
    "signature": "ZRntstlp44ccMJypBgt9QExkysdDLhX/OhEhOIzr8NhMiwscEjf5Oyf0BVMhXmBFBBhsQ/9RsREabwxKHps5Fhw="
  }
}
