{
  "miniapp": {
    "version": "1",
    "name": "DreamBudget Builder Pro",
    "iconUrl": "https://placehold.co/600x400",
    "homeUrl": "https://animal-several-367.app.ohara.ai",
    "imageUrl": "https://placehold.co/600x400",
    "buttonTitle": "Open with Ohara",
    "splashImageUrl": "https://usdozf7pplhxfvrl.public.blob.vercel-storage.com/farcaster/splash_images/splash_image1.svg",
    "splashBackgroundColor": "#ffffff",
    "tags": [
      "ohara",
      "mini-app",
      "base",
      "farcaster"
    ],
    "primaryCategory": "entertainment",
    "ogTitle": "DreamBudget Builder Pro",
    "ogImageUrl": "https://placehold.co/600x400"
  },
  "baseBuilder": {
    "allowedAddresses": [
      ""
    ]
  },
  "accountAssociation": {
    "header": "eyJmaWQiOjE0NzcxNDIsInR5cGUiOiJjdXN0b2R5Iiwia2V5IjoiMHhENmMyNDdkRTgzMUI0MTkwYWZCYzM0ZTNhOTlDYzZGNzVDNjgwMEU2In0",
    "payload": "eyJkb21haW4iOiJhbmltYWwtc2V2ZXJhbC0zNjcuYXBwLm9oYXJhLmFpIn0",
    "signature": "cc53I10Enr8YTz1xBM0EDsmYSYgG+DfkplDsOCgNb1lmk9ImZXTRxU/dhRqY9p/HqqqpX2OQnk3G4cE1lC/1Uxw="
  }
}
