{
  "miniapp": {
    "version": "1",
    "name": "DreamNet Ops Cockpit",
    "iconUrl": "https://usdozf7pplhxfvrl.public.blob.vercel-storage.com/thumbnail_876bf414-4aa4-4b42-bce6-28a8815d736c-LQvz8ealLD3EkCzW6zxCGidP0fjbXl",
    "homeUrl": "https://therefore-lack-307.app.ohara.ai",
    "imageUrl": "https://usdozf7pplhxfvrl.public.blob.vercel-storage.com/thumbnail_876bf414-4aa4-4b42-bce6-28a8815d736c-LQvz8ealLD3EkCzW6zxCGidP0fjbXl",
    "buttonTitle": "Open with Ohara",
    "splashImageUrl": "https://usdozf7pplhxfvrl.public.blob.vercel-storage.com/farcaster/splash_images/splash_image1.svg",
    "splashBackgroundColor": "#ffffff",
    "tags": [
      "ohara",
      "mini-app",
      "base",
      "farcaster"
    ],
    "primaryCategory": "entertainment",
    "ogTitle": "DreamNet Ops Cockpit",
    "ogImageUrl": "https://usdozf7pplhxfvrl.public.blob.vercel-storage.com/thumbnail_876bf414-4aa4-4b42-bce6-28a8815d736c-LQvz8ealLD3EkCzW6zxCGidP0fjbXl"
  },
  "baseBuilder": {
    "allowedAddresses": [
      ""
    ]
  },
  "accountAssociation": {
    "header": "eyJmaWQiOjE0NzcxNDIsInR5cGUiOiJhdXRoIiwia2V5IjoiMHg3RDc5RTkwMjQ4MjQ2OWRBNjQ5NzdkMkIwOTc3MTIwQzc3MDI5NTkzIn0",
    "payload": "eyJkb21haW4iOiJ0aGVyZWZvcmUtbGFjay0zMDcuYXBwLm9oYXJhLmFpIn0",
    "signature": "1qE9TyzhS+yzPNgPAfszd8LFLIQ8nigZxU8gDaVt2a8c/5Gzt71exssRVPTyuAcTeu2kPMio/Z1kgeaAM7+5jBw="
  }
}
