{
  "miniapp": {
    "version": "1",
    "name": "Meme Remix Master",
    "iconUrl": "https://usdozf7pplhxfvrl.public.blob.vercel-storage.com/thumbnail_63d78cc6-54d2-495a-9c17-fa1daf3512f5-HMcTpvxRo73m65nS8Y5VuVZyPWCH3U",
    "homeUrl": "https://swimming-calm-621.app.ohara.ai",
    "imageUrl": "https://usdozf7pplhxfvrl.public.blob.vercel-storage.com/thumbnail_63d78cc6-54d2-495a-9c17-fa1daf3512f5-HMcTpvxRo73m65nS8Y5VuVZyPWCH3U",
    "buttonTitle": "Open with Ohara",
    "splashImageUrl": "https://usdozf7pplhxfvrl.public.blob.vercel-storage.com/farcaster/splash_images/splash_image1.svg",
    "splashBackgroundColor": "#ffffff",
    "tags": [
      "ohara",
      "mini-app",
      "base",
      "farcaster"
    ],
    "primaryCategory": "entertainment",
    "ogTitle": "Meme Remix Master",
    "ogImageUrl": "https://usdozf7pplhxfvrl.public.blob.vercel-storage.com/thumbnail_63d78cc6-54d2-495a-9c17-fa1daf3512f5-HMcTpvxRo73m65nS8Y5VuVZyPWCH3U"
  },
  "baseBuilder": {
    "allowedAddresses": [
      ""
    ]
  },
  "accountAssociation": {
    "header": "eyJmaWQiOjE0NzcxNDIsInR5cGUiOiJhdXRoIiwia2V5IjoiMHg3RDc5RTkwMjQ4MjQ2OWRBNjQ5NzdkMkIwOTc3MTIwQzc3MDI5NTkzIn0",
    "payload": "eyJkb21haW4iOiJzd2ltbWluZy1jYWxtLTYyMS5hcHAub2hhcmEuYWkifQ",
    "signature": "yEjynhoiT4GztzwVo8RO6Jrh1TlR4EZM/jGCjTAdShdmu5OXBJ4KHKYMdbbagwK+Q+cANcx+JT7t2YbkyuAxDhw="
  }
}
