{
  "miniapp": {
    "version": "1",
    "name": "Precious Metals Shockwave App",
    "iconUrl": "https://usdozf7pplhxfvrl.public.blob.vercel-storage.com/thumbnail_8db1f3e2-e8be-4829-befc-d0d8788b0229-TVMdbw5mcsleE1hjcpq8rAVCeedEPT",
    "homeUrl": "https://definition-practice-280.app.ohara.ai",
    "imageUrl": "https://usdozf7pplhxfvrl.public.blob.vercel-storage.com/thumbnail_8db1f3e2-e8be-4829-befc-d0d8788b0229-TVMdbw5mcsleE1hjcpq8rAVCeedEPT",
    "buttonTitle": "Open with Ohara",
    "splashImageUrl": "https://usdozf7pplhxfvrl.public.blob.vercel-storage.com/farcaster/splash_images/splash_image1.svg",
    "splashBackgroundColor": "#ffffff",
    "tags": [
      "ohara",
      "mini-app",
      "base",
      "farcaster"
    ],
    "primaryCategory": "entertainment",
    "ogTitle": "Precious Metals Shockwave App",
    "ogImageUrl": "https://usdozf7pplhxfvrl.public.blob.vercel-storage.com/thumbnail_8db1f3e2-e8be-4829-befc-d0d8788b0229-TVMdbw5mcsleE1hjcpq8rAVCeedEPT"
  },
  "baseBuilder": {
    "allowedAddresses": [
      ""
    ]
  },
  "accountAssociation": {
    "header": "eyJmaWQiOjE0NzcxNDIsInR5cGUiOiJhdXRoIiwia2V5IjoiMHg3RDc5RTkwMjQ4MjQ2OWRBNjQ5NzdkMkIwOTc3MTIwQzc3MDI5NTkzIn0",
    "payload": "eyJkb21haW4iOiJkZWZpbml0aW9uLXByYWN0aWNlLTI4MC5hcHAub2hhcmEuYWkifQ",
    "signature": "NHVX3a5w6iSdrkbAm0rS03+0v0Xujwu95Ce3JTPtEdZBhS0J3iyaJYxBLVSoUEHj2uo3jC3Xhiavn1DSxxDRCxs="
  }
}
