{
  "miniapp": {
    "version": "1",
    "name": "Meme Campaign Planner",
    "iconUrl": "https://usdozf7pplhxfvrl.public.blob.vercel-storage.com/thumbnail_6b5861ef-69da-46d6-80e7-db50698ef658-Id5e1MZJSSviQS8LUMHMWMOAG8GzNE",
    "homeUrl": "https://tea-frozen-952.app.ohara.ai",
    "imageUrl": "https://usdozf7pplhxfvrl.public.blob.vercel-storage.com/thumbnail_6b5861ef-69da-46d6-80e7-db50698ef658-Id5e1MZJSSviQS8LUMHMWMOAG8GzNE",
    "buttonTitle": "Open with Ohara",
    "splashImageUrl": "https://usdozf7pplhxfvrl.public.blob.vercel-storage.com/farcaster/splash_images/splash_image1.svg",
    "splashBackgroundColor": "#ffffff",
    "tags": [
      "ohara",
      "mini-app",
      "base",
      "farcaster"
    ],
    "primaryCategory": "entertainment",
    "ogTitle": "Meme Campaign Planner",
    "ogImageUrl": "https://usdozf7pplhxfvrl.public.blob.vercel-storage.com/thumbnail_6b5861ef-69da-46d6-80e7-db50698ef658-Id5e1MZJSSviQS8LUMHMWMOAG8GzNE"
  },
  "baseBuilder": {
    "allowedAddresses": [
      ""
    ]
  },
  "accountAssociation": {
    "header": "eyJmaWQiOjE0NzcxNDIsInR5cGUiOiJjdXN0b2R5Iiwia2V5IjoiMHhENmMyNDdkRTgzMUI0MTkwYWZCYzM0ZTNhOTlDYzZGNzVDNjgwMEU2In0",
    "payload": "eyJkb21haW4iOiJ0ZWEtZnJvemVuLTk1Mi5hcHAub2hhcmEuYWkifQ",
    "signature": "S7KkX8+BQaqk3rT9mgfvLUZN71AdvcMemBwQSGFDoztCMpMNCfRXxf64nHrSWG7E7bEU2s2WY2o44CAA//MMJBw="
  }
}
