{
  "miniapp": {
    "version": "1",
    "name": "CultureCoin Creator",
    "iconUrl": "https://usdozf7pplhxfvrl.public.blob.vercel-storage.com/thumbnail_a0873b33-726f-4d3d-bdae-15b4171dfd99-zFE9wzRZgCPQpH0L3Gn6FQokAzBrdz",
    "homeUrl": "https://laugh-sweet-878.app.ohara.ai",
    "imageUrl": "https://usdozf7pplhxfvrl.public.blob.vercel-storage.com/thumbnail_a0873b33-726f-4d3d-bdae-15b4171dfd99-zFE9wzRZgCPQpH0L3Gn6FQokAzBrdz",
    "buttonTitle": "Open with Ohara",
    "splashImageUrl": "https://usdozf7pplhxfvrl.public.blob.vercel-storage.com/farcaster/splash_images/splash_image1.svg",
    "splashBackgroundColor": "#ffffff",
    "tags": [
      "ohara",
      "mini-app",
      "base",
      "farcaster"
    ],
    "primaryCategory": "entertainment",
    "ogTitle": "CultureCoin Creator",
    "ogImageUrl": "https://usdozf7pplhxfvrl.public.blob.vercel-storage.com/thumbnail_a0873b33-726f-4d3d-bdae-15b4171dfd99-zFE9wzRZgCPQpH0L3Gn6FQokAzBrdz"
  },
  "baseBuilder": {
    "allowedAddresses": [
      ""
    ]
  },
  "accountAssociation": {
    "header": "eyJmaWQiOjE0NzcxNDIsInR5cGUiOiJhdXRoIiwia2V5IjoiMHg3RDc5RTkwMjQ4MjQ2OWRBNjQ5NzdkMkIwOTc3MTIwQzc3MDI5NTkzIn0",
    "payload": "eyJkb21haW4iOiJsYXVnaC1zd2VldC04NzguYXBwLm9oYXJhLmFpIn0",
    "signature": "/hOCD8gXYLBt18rDMSstkkS+a7DSWRKd/oaM886HL4xEFGp70JNqUQoupPpl6WtmtRXFXg4ktQfR0Y18k46ZJRs="
  }
}
