{
  "miniapp": {
    "version": "1",
    "name": "DreamFlow Scheduler",
    "iconUrl": "https://placehold.co/600x400",
    "homeUrl": "https://worry-pretty-512.app.ohara.ai",
    "imageUrl": "https://placehold.co/600x400",
    "buttonTitle": "Open with Ohara",
    "splashImageUrl": "https://usdozf7pplhxfvrl.public.blob.vercel-storage.com/farcaster/splash_images/splash_image1.svg",
    "splashBackgroundColor": "#ffffff",
    "tags": [
      "ohara",
      "mini-app",
      "base",
      "farcaster"
    ],
    "primaryCategory": "entertainment",
    "ogTitle": "DreamFlow Scheduler",
    "ogImageUrl": "https://placehold.co/600x400"
  },
  "baseBuilder": {
    "allowedAddresses": [
      ""
    ]
  },
  "accountAssociation": {
    "header": "eyJmaWQiOjE0NzcxNDIsInR5cGUiOiJjdXN0b2R5Iiwia2V5IjoiMHhENmMyNDdkRTgzMUI0MTkwYWZCYzM0ZTNhOTlDYzZGNzVDNjgwMEU2In0",
    "payload": "eyJkb21haW4iOiJ3b3JyeS1wcmV0dHktNTEyLmFwcC5vaGFyYS5haSJ9",
    "signature": "pXx/nzoEUTuZR22NJdGWO19uLSe8aHijqV4TiboE7gUGFLGXJrGkG3unody0hxqlw2lRq+OOJRB3GRjUUNUkFhs="
  }
}
