{
  "miniapp": {
    "version": "1",
    "name": "Metals Buy Sheet Maker",
    "iconUrl": "https://usdozf7pplhxfvrl.public.blob.vercel-storage.com/thumbnail_3f385177-78c5-4163-8ce1-9dcebedbffc5-vzjoVCHllQJ5ww1Dlj7miZlnA3Zpwn",
    "homeUrl": "https://border-private-131.app.ohara.ai",
    "imageUrl": "https://usdozf7pplhxfvrl.public.blob.vercel-storage.com/thumbnail_3f385177-78c5-4163-8ce1-9dcebedbffc5-vzjoVCHllQJ5ww1Dlj7miZlnA3Zpwn",
    "buttonTitle": "Open with Ohara",
    "splashImageUrl": "https://usdozf7pplhxfvrl.public.blob.vercel-storage.com/farcaster/splash_images/splash_image1.svg",
    "splashBackgroundColor": "#ffffff",
    "tags": [
      "ohara",
      "mini-app",
      "base",
      "farcaster"
    ],
    "primaryCategory": "entertainment",
    "ogTitle": "Metals Buy Sheet Maker",
    "ogImageUrl": "https://usdozf7pplhxfvrl.public.blob.vercel-storage.com/thumbnail_3f385177-78c5-4163-8ce1-9dcebedbffc5-vzjoVCHllQJ5ww1Dlj7miZlnA3Zpwn"
  },
  "baseBuilder": {
    "allowedAddresses": [
      ""
    ]
  },
  "accountAssociation": {
    "header": "eyJmaWQiOjE0NzcxNDIsInR5cGUiOiJhdXRoIiwia2V5IjoiMHg3RDc5RTkwMjQ4MjQ2OWRBNjQ5NzdkMkIwOTc3MTIwQzc3MDI5NTkzIn0",
    "payload": "eyJkb21haW4iOiJib3JkZXItcHJpdmF0ZS0xMzEuYXBwLm9oYXJhLmFpIn0",
    "signature": "De7XYBFAl21gbyVWapw7/wxQcu95qS6RHCKL8eLQne8O5BHvMJ9+lBIf77GFi8mhU+StS7JBDn5bt8eXO2mvHBs="
  }
}
