{
  "miniapp": {
    "version": "1",
    "name": "Vault Card NFTs",
    "iconUrl": "https://usdozf7pplhxfvrl.public.blob.vercel-storage.com/thumbnail_6b14895a-6c08-4545-8894-83711a65d624-mBuTieuSlqmm7UCQyZ0XduFTdEXGxV",
    "homeUrl": "https://beautiful-team-975.app.ohara.ai",
    "imageUrl": "https://usdozf7pplhxfvrl.public.blob.vercel-storage.com/thumbnail_6b14895a-6c08-4545-8894-83711a65d624-mBuTieuSlqmm7UCQyZ0XduFTdEXGxV",
    "buttonTitle": "Open with Ohara",
    "splashImageUrl": "https://usdozf7pplhxfvrl.public.blob.vercel-storage.com/farcaster/splash_images/splash_image1.svg",
    "splashBackgroundColor": "#ffffff",
    "tags": [
      "ohara",
      "mini-app",
      "base",
      "farcaster"
    ],
    "primaryCategory": "entertainment",
    "ogTitle": "Vault Card NFTs",
    "ogImageUrl": "https://usdozf7pplhxfvrl.public.blob.vercel-storage.com/thumbnail_6b14895a-6c08-4545-8894-83711a65d624-mBuTieuSlqmm7UCQyZ0XduFTdEXGxV"
  },
  "baseBuilder": {
    "allowedAddresses": [
      ""
    ]
  },
  "accountAssociation": {
    "header": "eyJmaWQiOjE0NzcxNDIsInR5cGUiOiJhdXRoIiwia2V5IjoiMHg3RDc5RTkwMjQ4MjQ2OWRBNjQ5NzdkMkIwOTc3MTIwQzc3MDI5NTkzIn0",
    "payload": "eyJkb21haW4iOiJiZWF1dGlmdWwtdGVhbS05NzUuYXBwLm9oYXJhLmFpIn0",
    "signature": "kXuCPaKZv5FsMR4O7Bt1TCW1rrXdacYLPPLHEeKXM84TO+ylkIgK8nXGJ2T75slMYsYA85cKG8s4pbwvuBxs0Bw="
  }
}
