{
  "miniapp": {
    "version": "1",
    "name": "DreamDev Cookbox",
    "iconUrl": "https://placehold.co/600x400",
    "homeUrl": "https://younger-monkey-960.app.ohara.ai",
    "imageUrl": "https://placehold.co/600x400",
    "buttonTitle": "Open with Ohara",
    "splashImageUrl": "https://usdozf7pplhxfvrl.public.blob.vercel-storage.com/farcaster/splash_images/splash_image1.svg",
    "splashBackgroundColor": "#ffffff",
    "tags": [
      "ohara",
      "mini-app",
      "base",
      "farcaster"
    ],
    "primaryCategory": "entertainment",
    "ogTitle": "DreamDev Cookbox",
    "ogImageUrl": "https://placehold.co/600x400"
  },
  "baseBuilder": {
    "allowedAddresses": [
      ""
    ]
  },
  "accountAssociation": {
    "header": "eyJmaWQiOjE0NzcxNDIsInR5cGUiOiJjdXN0b2R5Iiwia2V5IjoiMHhENmMyNDdkRTgzMUI0MTkwYWZCYzM0ZTNhOTlDYzZGNzVDNjgwMEU2In0",
    "payload": "eyJkb21haW4iOiJ5b3VuZ2VyLW1vbmtleS05NjAuYXBwLm9oYXJhLmFpIn0",
    "signature": "rwSeIt+97229tuV85bEvSWLuLJJhCvfxR88lYo3xupId3a02HET3jZGmIOKRmO2vCwRLeNelbZKPcar4yFv1ixs="
  }
}
