{
  "miniapp": {
    "version": "1",
    "name": "Social Identity Manager",
    "iconUrl": "https://usdozf7pplhxfvrl.public.blob.vercel-storage.com/thumbnail_abfbd345-6877-423e-9a76-264a0d6b5420-Ha3d3lAM9nOnkVZ23AbbHYeSgdfXog",
    "homeUrl": "https://shade-sudden-654.app.ohara.ai",
    "imageUrl": "https://usdozf7pplhxfvrl.public.blob.vercel-storage.com/thumbnail_abfbd345-6877-423e-9a76-264a0d6b5420-Ha3d3lAM9nOnkVZ23AbbHYeSgdfXog",
    "buttonTitle": "Open with Ohara",
    "splashImageUrl": "https://usdozf7pplhxfvrl.public.blob.vercel-storage.com/farcaster/splash_images/splash_image1.svg",
    "splashBackgroundColor": "#ffffff",
    "tags": [
      "ohara",
      "mini-app",
      "base",
      "farcaster"
    ],
    "primaryCategory": "entertainment",
    "ogTitle": "Social Identity Manager",
    "ogImageUrl": "https://usdozf7pplhxfvrl.public.blob.vercel-storage.com/thumbnail_abfbd345-6877-423e-9a76-264a0d6b5420-Ha3d3lAM9nOnkVZ23AbbHYeSgdfXog"
  },
  "baseBuilder": {
    "allowedAddresses": [
      ""
    ]
  },
  "accountAssociation": {
    "header": "eyJmaWQiOjE0NzcxNDIsInR5cGUiOiJjdXN0b2R5Iiwia2V5IjoiMHhENmMyNDdkRTgzMUI0MTkwYWZCYzM0ZTNhOTlDYzZGNzVDNjgwMEU2In0",
    "payload": "eyJkb21haW4iOiJzaGFkZS1zdWRkZW4tNjU0LmFwcC5vaGFyYS5haSJ9",
    "signature": "3RMZQ5m33EP0OaV4g+OKMrLc7I3cYbC6pC465orhnfM7T0nOci6uhope+pvgQoh1ic5grDjjQs0SoNNA+jO5Qxw="
  }
}
