{
  "miniapp": {
    "version": "1",
    "name": "AI Web App Generator",
    "iconUrl": "https://placehold.co/600x400",
    "homeUrl": "https://instance-paper-808.app.ohara.ai",
    "imageUrl": "https://placehold.co/600x400",
    "buttonTitle": "Open with Ohara",
    "splashImageUrl": "https://usdozf7pplhxfvrl.public.blob.vercel-storage.com/farcaster/splash_images/splash_image1.svg",
    "splashBackgroundColor": "#ffffff",
    "tags": [
      "ohara",
      "mini-app",
      "base",
      "farcaster"
    ],
    "primaryCategory": "entertainment",
    "ogTitle": "AI Web App Generator",
    "ogImageUrl": "https://placehold.co/600x400"
  },
  "baseBuilder": {
    "allowedAddresses": [
      ""
    ]
  },
  "accountAssociation": {
    "header": "eyJmaWQiOjE0NzcxNDIsInR5cGUiOiJjdXN0b2R5Iiwia2V5IjoiMHhENmMyNDdkRTgzMUI0MTkwYWZCYzM0ZTNhOTlDYzZGNzVDNjgwMEU2In0",
    "payload": "eyJkb21haW4iOiJpbnN0YW5jZS1wYXBlci04MDguYXBwLm9oYXJhLmFpIn0",
    "signature": "yTS9J1oZJ1HxxkXwp8nglk+Y6aLFDpA7ALXcMM2LfSQVVrI57ke7GCzCXjAsC0s84TSVDvw0ehxb8ChDM8xUPRs="
  }
}
