{
  "miniapp": {
    "version": "1",
    "name": "DreamPrism Clean",
    "iconUrl": "https://placehold.co/600x400",
    "homeUrl": "https://kill-great-014.app.ohara.ai",
    "imageUrl": "https://placehold.co/600x400",
    "buttonTitle": "Open with Ohara",
    "splashImageUrl": "https://usdozf7pplhxfvrl.public.blob.vercel-storage.com/farcaster/splash_images/splash_image1.svg",
    "splashBackgroundColor": "#ffffff",
    "tags": [
      "ohara",
      "mini-app",
      "base",
      "farcaster"
    ],
    "primaryCategory": "entertainment",
    "ogTitle": "DreamPrism Clean",
    "ogImageUrl": "https://placehold.co/600x400"
  },
  "baseBuilder": {
    "allowedAddresses": [
      ""
    ]
  },
  "accountAssociation": {
    "header": "eyJmaWQiOjE0NzcxNDIsInR5cGUiOiJjdXN0b2R5Iiwia2V5IjoiMHhENmMyNDdkRTgzMUI0MTkwYWZCYzM0ZTNhOTlDYzZGNzVDNjgwMEU2In0",
    "payload": "eyJkb21haW4iOiJraWxsLWdyZWF0LTAxNC5hcHAub2hhcmEuYWkifQ",
    "signature": "/xL85nmE1GLfV8YQB1HouZs7Eakj5Cxda1w7nz1Jjw9cthJjZCJq+ZLUO0u+e0gFOUSOlqMZj7/qNbC3X26vlhs="
  }
}
