{
  "miniapp": {
    "version": "1",
    "name": "Dog Betting Analyzer",
    "iconUrl": "https://usdozf7pplhxfvrl.public.blob.vercel-storage.com/thumbnail_99f52b20-87be-4479-ace1-a7da3b91bdd6-b2YGQtHnErEFkQfNkoy1mZM3yt2JSH",
    "homeUrl": "https://officer-blanket-604.app.ohara.ai",
    "imageUrl": "https://usdozf7pplhxfvrl.public.blob.vercel-storage.com/thumbnail_99f52b20-87be-4479-ace1-a7da3b91bdd6-b2YGQtHnErEFkQfNkoy1mZM3yt2JSH",
    "buttonTitle": "Open with Ohara",
    "splashImageUrl": "https://usdozf7pplhxfvrl.public.blob.vercel-storage.com/farcaster/splash_images/splash_image1.svg",
    "splashBackgroundColor": "#ffffff",
    "tags": [
      "ohara",
      "mini-app",
      "base",
      "farcaster"
    ],
    "primaryCategory": "entertainment",
    "ogTitle": "Dog Betting Analyzer",
    "ogImageUrl": "https://usdozf7pplhxfvrl.public.blob.vercel-storage.com/thumbnail_99f52b20-87be-4479-ace1-a7da3b91bdd6-b2YGQtHnErEFkQfNkoy1mZM3yt2JSH"
  },
  "baseBuilder": {
    "allowedAddresses": [
      ""
    ]
  }
}
