{
  "miniapp": {
    "version": "1",
    "name": "DreamNet Health Dashboard",
    "iconUrl": "https://usdozf7pplhxfvrl.public.blob.vercel-storage.com/thumbnail_0c43ef8a-12f1-41c4-a99e-08f7d94e9c12-6ybXiq6bLcsjC2zALTl2NWfIyP7gFl",
    "homeUrl": "https://own-opposite-154.app.ohara.ai",
    "imageUrl": "https://usdozf7pplhxfvrl.public.blob.vercel-storage.com/thumbnail_0c43ef8a-12f1-41c4-a99e-08f7d94e9c12-6ybXiq6bLcsjC2zALTl2NWfIyP7gFl",
    "buttonTitle": "Open with Ohara",
    "splashImageUrl": "https://usdozf7pplhxfvrl.public.blob.vercel-storage.com/farcaster/splash_images/splash_image1.svg",
    "splashBackgroundColor": "#ffffff",
    "tags": [
      "ohara",
      "mini-app",
      "base",
      "farcaster"
    ],
    "primaryCategory": "entertainment",
    "ogTitle": "DreamNet Health Dashboard",
    "ogImageUrl": "https://usdozf7pplhxfvrl.public.blob.vercel-storage.com/thumbnail_0c43ef8a-12f1-41c4-a99e-08f7d94e9c12-6ybXiq6bLcsjC2zALTl2NWfIyP7gFl"
  },
  "baseBuilder": {
    "allowedAddresses": [
      ""
    ]
  },
  "accountAssociation": {
    "header": "eyJmaWQiOjE0NzcxNDIsInR5cGUiOiJjdXN0b2R5Iiwia2V5IjoiMHhENmMyNDdkRTgzMUI0MTkwYWZCYzM0ZTNhOTlDYzZGNzVDNjgwMEU2In0",
    "payload": "eyJkb21haW4iOiJvd24tb3Bwb3NpdGUtMTU0LmFwcC5vaGFyYS5haSJ9",
    "signature": "fMIG3EJPTp/3cUV0b8kCK0hFkvCfk7zdisPba2yBpiUvowAehWVlh5psKdJDsnil5Ow9PSfNJqg4comGevToJxs="
  }
}
