{
  "miniapp": {
    "version": "1",
    "name": "MicroGuild Maker",
    "iconUrl": "https://usdozf7pplhxfvrl.public.blob.vercel-storage.com/thumbnail_a8384446-14be-40f0-9c9a-2824ce7410c5-SgWNi4QiKeecdcg4Ej13O2QT6rfwPw",
    "homeUrl": "https://earn-pet-577.app.ohara.ai",
    "imageUrl": "https://usdozf7pplhxfvrl.public.blob.vercel-storage.com/thumbnail_a8384446-14be-40f0-9c9a-2824ce7410c5-SgWNi4QiKeecdcg4Ej13O2QT6rfwPw",
    "buttonTitle": "Open with Ohara",
    "splashImageUrl": "https://usdozf7pplhxfvrl.public.blob.vercel-storage.com/farcaster/splash_images/splash_image1.svg",
    "splashBackgroundColor": "#ffffff",
    "tags": [
      "ohara",
      "mini-app",
      "base",
      "farcaster"
    ],
    "primaryCategory": "entertainment",
    "ogTitle": "MicroGuild Maker",
    "ogImageUrl": "https://usdozf7pplhxfvrl.public.blob.vercel-storage.com/thumbnail_a8384446-14be-40f0-9c9a-2824ce7410c5-SgWNi4QiKeecdcg4Ej13O2QT6rfwPw"
  },
  "baseBuilder": {
    "allowedAddresses": [
      ""
    ]
  }
}
