{
  "miniapp": {
    "version": "1",
    "name": "DreamNet Ritual Designer",
    "iconUrl": "https://usdozf7pplhxfvrl.public.blob.vercel-storage.com/thumbnail_1dec4699-e397-4a81-b62f-99e7fedbafa5-pw1nH4y9PBeaGEtfHPi8gVSqD4AG5v",
    "homeUrl": "https://blanket-quietly-078.app.ohara.ai",
    "imageUrl": "https://usdozf7pplhxfvrl.public.blob.vercel-storage.com/thumbnail_1dec4699-e397-4a81-b62f-99e7fedbafa5-pw1nH4y9PBeaGEtfHPi8gVSqD4AG5v",
    "buttonTitle": "Open with Ohara",
    "splashImageUrl": "https://usdozf7pplhxfvrl.public.blob.vercel-storage.com/farcaster/splash_images/splash_image1.svg",
    "splashBackgroundColor": "#ffffff",
    "tags": [
      "ohara",
      "mini-app",
      "base",
      "farcaster"
    ],
    "primaryCategory": "entertainment",
    "ogTitle": "DreamNet Ritual Designer",
    "ogImageUrl": "https://usdozf7pplhxfvrl.public.blob.vercel-storage.com/thumbnail_1dec4699-e397-4a81-b62f-99e7fedbafa5-pw1nH4y9PBeaGEtfHPi8gVSqD4AG5v"
  },
  "baseBuilder": {
    "allowedAddresses": [
      ""
    ]
  },
  "accountAssociation": {
    "header": "eyJmaWQiOjE0NzcxNDIsInR5cGUiOiJjdXN0b2R5Iiwia2V5IjoiMHhENmMyNDdkRTgzMUI0MTkwYWZCYzM0ZTNhOTlDYzZGNzVDNjgwMEU2In0",
    "payload": "eyJkb21haW4iOiJ0b25lLXRob3VzYW5kLTc0Ny5hcHAub2hhcmEuYWkifQ",
    "signature": "AgClkBja/SeJdsSZGgjyO2iTfIp4iAFrLF2yi07GJwsHM8fqxnmN+dvaazagn7ULspUEy2x0Fq1UFrNJgZmpPxw="
  }
}
