{
  "miniapp": {
    "version": "1",
    "name": "CultureScore Meme Analyzer",
    "iconUrl": "https://usdozf7pplhxfvrl.public.blob.vercel-storage.com/thumbnail_d712371f-8672-4e9c-98cd-1f7cfa13088d-LjbSDt4CkmRTxi17h4IZmVx0kAQIsV",
    "homeUrl": "https://dried-nothing-093.app.ohara.ai",
    "imageUrl": "https://usdozf7pplhxfvrl.public.blob.vercel-storage.com/thumbnail_d712371f-8672-4e9c-98cd-1f7cfa13088d-LjbSDt4CkmRTxi17h4IZmVx0kAQIsV",
    "buttonTitle": "Open with Ohara",
    "splashImageUrl": "https://usdozf7pplhxfvrl.public.blob.vercel-storage.com/farcaster/splash_images/splash_image1.svg",
    "splashBackgroundColor": "#ffffff",
    "tags": [
      "ohara",
      "mini-app",
      "base",
      "farcaster"
    ],
    "primaryCategory": "entertainment",
    "ogTitle": "CultureScore Meme Analyzer",
    "ogImageUrl": "https://usdozf7pplhxfvrl.public.blob.vercel-storage.com/thumbnail_d712371f-8672-4e9c-98cd-1f7cfa13088d-LjbSDt4CkmRTxi17h4IZmVx0kAQIsV"
  },
  "baseBuilder": {
    "allowedAddresses": [
      ""
    ]
  },
  "accountAssociation": {
    "header": "eyJmaWQiOjE0NzcxNDIsInR5cGUiOiJhdXRoIiwia2V5IjoiMHg3RDc5RTkwMjQ4MjQ2OWRBNjQ5NzdkMkIwOTc3MTIwQzc3MDI5NTkzIn0",
    "payload": "eyJkb21haW4iOiJkcmllZC1ub3RoaW5nLTA5My5hcHAub2hhcmEuYWkifQ",
    "signature": "PhdQ/AfnZQGgpU//BOg71Og+K3LsToL0A9K+GEsIvsJm6fXIYC+OD5JRB5j6sZC7xNgaExEOQayHZslkFAaXHxs="
  }
}
