{
  "miniapp": {
    "version": "1",
    "name": "DreamNet Badge Manager",
    "iconUrl": "https://usdozf7pplhxfvrl.public.blob.vercel-storage.com/thumbnail_18b3cc71-d248-44bc-9150-16b77020c5eb-3QQhNOBfzJsNDypv82vTtyAHq7V5Uq",
    "homeUrl": "https://castle-pour-429.app.ohara.ai",
    "imageUrl": "https://usdozf7pplhxfvrl.public.blob.vercel-storage.com/thumbnail_18b3cc71-d248-44bc-9150-16b77020c5eb-3QQhNOBfzJsNDypv82vTtyAHq7V5Uq",
    "buttonTitle": "Open with Ohara",
    "splashImageUrl": "https://usdozf7pplhxfvrl.public.blob.vercel-storage.com/farcaster/splash_images/splash_image1.svg",
    "splashBackgroundColor": "#ffffff",
    "tags": [
      "ohara",
      "mini-app",
      "base",
      "farcaster"
    ],
    "primaryCategory": "entertainment",
    "ogTitle": "DreamNet Badge Manager",
    "ogImageUrl": "https://usdozf7pplhxfvrl.public.blob.vercel-storage.com/thumbnail_18b3cc71-d248-44bc-9150-16b77020c5eb-3QQhNOBfzJsNDypv82vTtyAHq7V5Uq"
  },
  "baseBuilder": {
    "allowedAddresses": [
      ""
    ]
  },
  "accountAssociation": {
    "header": "eyJmaWQiOjE0NzcxNDIsInR5cGUiOiJhdXRoIiwia2V5IjoiMHg3RDc5RTkwMjQ4MjQ2OWRBNjQ5NzdkMkIwOTc3MTIwQzc3MDI5NTkzIn0",
    "payload": "eyJkb21haW4iOiJyZWFjaC1naXZlbi0yNzQuYXBwLm9oYXJhLmFpIn0",
    "signature": "AB9SHQBP4tlIYPTnKOnJLEcgj0RUAN71hm7OUVHuZjFj9dg13TZRNlXvpJxG9eOKRC6Kewl+K+UxuSvMrgwjghw="
  }
}
