{
  "miniapp": {
    "version": "1",
    "name": "Pack & Funnel Manager",
    "iconUrl": "https://usdozf7pplhxfvrl.public.blob.vercel-storage.com/thumbnail_4fc81c7a-1534-4d4e-8d16-31db29e3021c-dPWFwaq4eA4r5FGbv0f9iBP0BCEOjp",
    "homeUrl": "https://particularly-dull-007.app.ohara.ai",
    "imageUrl": "https://usdozf7pplhxfvrl.public.blob.vercel-storage.com/thumbnail_4fc81c7a-1534-4d4e-8d16-31db29e3021c-dPWFwaq4eA4r5FGbv0f9iBP0BCEOjp",
    "buttonTitle": "Open with Ohara",
    "splashImageUrl": "https://usdozf7pplhxfvrl.public.blob.vercel-storage.com/farcaster/splash_images/splash_image1.svg",
    "splashBackgroundColor": "#ffffff",
    "tags": [
      "ohara",
      "mini-app",
      "base",
      "farcaster"
    ],
    "primaryCategory": "entertainment",
    "ogTitle": "Pack & Funnel Manager",
    "ogImageUrl": "https://usdozf7pplhxfvrl.public.blob.vercel-storage.com/thumbnail_4fc81c7a-1534-4d4e-8d16-31db29e3021c-dPWFwaq4eA4r5FGbv0f9iBP0BCEOjp"
  },
  "baseBuilder": {
    "allowedAddresses": [
      ""
    ]
  },
  "accountAssociation": {
    "header": "eyJmaWQiOjE0NzcxNDIsInR5cGUiOiJhdXRoIiwia2V5IjoiMHg3RDc5RTkwMjQ4MjQ2OWRBNjQ5NzdkMkIwOTc3MTIwQzc3MDI5NTkzIn0",
    "payload": "eyJkb21haW4iOiJwYXJ0aWN1bGFybHktZHVsbC0wMDcuYXBwLm9oYXJhLmFpIn0",
    "signature": "RSMYcaePYwU3Grb4jwlUYEi2W7kNmzTfOe0mV6XmawdKefA6pJORpwK+s1PfyREcQVN5V2NR2IjW+QdpoAfOkhs="
  }
}
