{
  "miniapp": {
    "version": "1",
    "name": "Parlay Lab",
    "iconUrl": "https://usdozf7pplhxfvrl.public.blob.vercel-storage.com/thumbnail_e56b5e9d-6487-4afe-8e9a-d7220aa91df2-xBPNugWBJYTkLrLaPgAG1TefpaydtK",
    "homeUrl": "https://put-desk-854.app.ohara.ai",
    "imageUrl": "https://usdozf7pplhxfvrl.public.blob.vercel-storage.com/thumbnail_e56b5e9d-6487-4afe-8e9a-d7220aa91df2-xBPNugWBJYTkLrLaPgAG1TefpaydtK",
    "buttonTitle": "Open with Ohara",
    "splashImageUrl": "https://usdozf7pplhxfvrl.public.blob.vercel-storage.com/farcaster/splash_images/splash_image1.svg",
    "splashBackgroundColor": "#ffffff",
    "tags": [
      "ohara",
      "mini-app",
      "base",
      "farcaster"
    ],
    "primaryCategory": "entertainment",
    "ogTitle": "Parlay Lab",
    "ogImageUrl": "https://usdozf7pplhxfvrl.public.blob.vercel-storage.com/thumbnail_e56b5e9d-6487-4afe-8e9a-d7220aa91df2-xBPNugWBJYTkLrLaPgAG1TefpaydtK"
  },
  "baseBuilder": {
    "allowedAddresses": [
      ""
    ]
  }
}
