{
  "miniapp": {
    "version": "1",
    "name": "RewindPay Rewards",
    "iconUrl": "https://usdozf7pplhxfvrl.public.blob.vercel-storage.com/thumbnail_f55af1a4-475f-4414-a4e6-b8a4c2f87159-vJS583P1frLdbVeVMv3uCUFnupKTFM",
    "homeUrl": "https://since-engine-735.app.ohara.ai",
    "imageUrl": "https://usdozf7pplhxfvrl.public.blob.vercel-storage.com/thumbnail_f55af1a4-475f-4414-a4e6-b8a4c2f87159-vJS583P1frLdbVeVMv3uCUFnupKTFM",
    "buttonTitle": "Open with Ohara",
    "splashImageUrl": "https://usdozf7pplhxfvrl.public.blob.vercel-storage.com/farcaster/splash_images/splash_image1.svg",
    "splashBackgroundColor": "#ffffff",
    "tags": [
      "ohara",
      "mini-app",
      "base",
      "farcaster"
    ],
    "primaryCategory": "entertainment",
    "ogTitle": "RewindPay Rewards",
    "ogImageUrl": "https://usdozf7pplhxfvrl.public.blob.vercel-storage.com/thumbnail_f55af1a4-475f-4414-a4e6-b8a4c2f87159-vJS583P1frLdbVeVMv3uCUFnupKTFM"
  },
  "baseBuilder": {
    "allowedAddresses": [
      ""
    ]
  },
  "accountAssociation": {
    "header": "eyJmaWQiOjE0NzcxNDIsInR5cGUiOiJhdXRoIiwia2V5IjoiMHg3RDc5RTkwMjQ4MjQ2OWRBNjQ5NzdkMkIwOTc3MTIwQzc3MDI5NTkzIn0",
    "payload": "eyJkb21haW4iOiJzaW5jZS1lbmdpbmUtNzM1LmFwcC5vaGFyYS5haSJ9",
    "signature": "I34tqJKhiY9HTZGsv4rjcVv9cjrt5g5eTtGrONstkoQG99LuZBNtd8Vw+gv2yltyuDfo8OkfsU98EDI0EFf7Bhw="
  }
}
