{
  "accountAssociation": {
    "header": "eyJmaWQiOjE0NzcxNDIsInR5cGUiOiJhdXRoIiwia2V5IjoiMHg3RDc5RTkwMjQ4MjQ2OWRBNjQ5NzdkMkIwOTc3MTIwQzc3MDI5NTkzIn0",
    "payload": "eyJkb21haW4iOiJjZXJ0YWlubHktZ3VuLTM5OC5hcHAub2hhcmEuYWkifQ",
    "signature": "/pptb6MUqXz/nMIeHzCLA8B1YzBpiuF3DApeWeoGjsQyuNDGp8CebGA4Thsu5vRY3wekltmSA3/GOqGEc1Hpths="
  },
  "baseBuilder": {},
  "frame": {
    "version": "1",
    "name": "Ohara Mini App",
    "iconUrl": "https://certainly-gun-398.app.ohara.ai/icon.png",
    "homeUrl": "https://certainly-gun-398.app.ohara.ai",
    "imageUrl": "https://certainly-gun-398.app.ohara.ai/preview.png",
    "buttonTitle": "Launch App",
    "splashImageUrl": "https://certainly-gun-398.app.ohara.ai/splash.png",
    "splashBackgroundColor": "#ffffff",
    "webhookUrl": "https://certainly-gun-398.app.ohara.ai/api/webhook"
  }
}
