{
  "miniapp": {
    "version": "1",
    "name": "DreamNet Journey Designer",
    "iconUrl": "https://usdozf7pplhxfvrl.public.blob.vercel-storage.com/thumbnail_7169c8b6-98f6-4755-aed2-a89abf38e795-9kmFhosaDwaCv6SKdveBNabNw0hPxm",
    "homeUrl": "https://tone-thousand-747.app.ohara.ai",
    "imageUrl": "https://usdozf7pplhxfvrl.public.blob.vercel-storage.com/thumbnail_7169c8b6-98f6-4755-aed2-a89abf38e795-9kmFhosaDwaCv6SKdveBNabNw0hPxm",
    "buttonTitle": "Open with Ohara",
    "splashImageUrl": "https://usdozf7pplhxfvrl.public.blob.vercel-storage.com/farcaster/splash_images/splash_image1.svg",
    "splashBackgroundColor": "#ffffff",
    "tags": [
      "ohara",
      "mini-app",
      "base",
      "farcaster"
    ],
    "primaryCategory": "entertainment",
    "ogTitle": "DreamNet Journey Designer",
    "ogImageUrl": "https://usdozf7pplhxfvrl.public.blob.vercel-storage.com/thumbnail_7169c8b6-98f6-4755-aed2-a89abf38e795-9kmFhosaDwaCv6SKdveBNabNw0hPxm"
  },
  "baseBuilder": {
    "allowedAddresses": [
      ""
    ]
  },
  "accountAssociation": {
    "header": "eyJmaWQiOjE0NzcxNDIsInR5cGUiOiJhdXRoIiwia2V5IjoiMHg3RDc5RTkwMjQ4MjQ2OWRBNjQ5NzdkMkIwOTc3MTIwQzc3MDI5NTkzIn0",
    "payload": "eyJkb21haW4iOiJ0b25lLXRob3VzYW5kLTc0Ny5hcHAub2hhcmEuYWkifQ",
    "signature": "fpAX1JTpwZKpty+FrLN4auAJFHviaLUsu8oaI2Iwjkdgb0PKTBw+i91XEclB+hYzBd8YfBur5S0ga8YoUEtQ0Rs="
  }
}
