{
  "miniapp": {
    "version": "1",
    "name": "DreamNet Publisher & Archive",
    "iconUrl": "https://usdozf7pplhxfvrl.public.blob.vercel-storage.com/thumbnail_e1b46e3b-445d-403a-b1ba-d05dced1dd2b-VvU5ULi0QUpFde1zadfiVglj0tUMtH",
    "homeUrl": "https://only-fought-493.app.ohara.ai",
    "imageUrl": "https://usdozf7pplhxfvrl.public.blob.vercel-storage.com/thumbnail_e1b46e3b-445d-403a-b1ba-d05dced1dd2b-VvU5ULi0QUpFde1zadfiVglj0tUMtH",
    "buttonTitle": "Open with Ohara",
    "splashImageUrl": "https://usdozf7pplhxfvrl.public.blob.vercel-storage.com/farcaster/splash_images/splash_image1.svg",
    "splashBackgroundColor": "#ffffff",
    "tags": [
      "ohara",
      "mini-app",
      "base",
      "farcaster"
    ],
    "primaryCategory": "entertainment",
    "ogTitle": "DreamNet Publisher & Archive",
    "ogImageUrl": "https://usdozf7pplhxfvrl.public.blob.vercel-storage.com/thumbnail_e1b46e3b-445d-403a-b1ba-d05dced1dd2b-VvU5ULi0QUpFde1zadfiVglj0tUMtH"
  },
  "baseBuilder": {
    "allowedAddresses": [
      ""
    ]
  }
}
