{
  "miniapp": {
    "version": "1",
    "name": "FunnelCartographer",
    "iconUrl": "https://usdozf7pplhxfvrl.public.blob.vercel-storage.com/thumbnail_94d97a4c-f0d3-4535-9c24-26c2966b830a-Xmp3fTLrrHbURUVQd5nruu4auKCdkH",
    "homeUrl": "https://piece-nervous-998.app.ohara.ai",
    "imageUrl": "https://usdozf7pplhxfvrl.public.blob.vercel-storage.com/thumbnail_94d97a4c-f0d3-4535-9c24-26c2966b830a-Xmp3fTLrrHbURUVQd5nruu4auKCdkH",
    "buttonTitle": "Open with Ohara",
    "splashImageUrl": "https://usdozf7pplhxfvrl.public.blob.vercel-storage.com/farcaster/splash_images/splash_image1.svg",
    "splashBackgroundColor": "#ffffff",
    "tags": [
      "ohara",
      "mini-app",
      "base",
      "farcaster"
    ],
    "primaryCategory": "entertainment",
    "ogTitle": "FunnelCartographer",
    "ogImageUrl": "https://usdozf7pplhxfvrl.public.blob.vercel-storage.com/thumbnail_94d97a4c-f0d3-4535-9c24-26c2966b830a-Xmp3fTLrrHbURUVQd5nruu4auKCdkH"
  },
  "baseBuilder": {
    "allowedAddresses": [
      ""
    ]
  },
  "accountAssociation": {
    "header": "eyJmaWQiOjE0NzcxNDIsInR5cGUiOiJjdXN0b2R5Iiwia2V5IjoiMHhENmMyNDdkRTgzMUI0MTkwYWZCYzM0ZTNhOTlDYzZGNzVDNjgwMEU2In0",
    "payload": "eyJkb21haW4iOiJwaWVjZS1uZXJ2b3VzLTk5OC5hcHAub2hhcmEuYWkifQ",
    "signature": "kW9SXaTOCIGyDcEwHkiv6dSG1L05o7ZTlCiJPJXtfCMNjwuU9p3eSvl/dtxGA0oAfqAuRF4MOYk4WU42kSHVpRs="
  }
}
