{
  "miniapp": {
    "version": "1",
    "name": "FormFlow Designer",
    "iconUrl": "https://usdozf7pplhxfvrl.public.blob.vercel-storage.com/thumbnail_830942f1-a64d-4e55-9669-bbcd7fe24d72-IWaPODzgPo4t6rmYdglOGNxEXc8MUw",
    "homeUrl": "https://substance-dawn-345.app.ohara.ai",
    "imageUrl": "https://usdozf7pplhxfvrl.public.blob.vercel-storage.com/thumbnail_830942f1-a64d-4e55-9669-bbcd7fe24d72-IWaPODzgPo4t6rmYdglOGNxEXc8MUw",
    "buttonTitle": "Open with Ohara",
    "splashImageUrl": "https://usdozf7pplhxfvrl.public.blob.vercel-storage.com/farcaster/splash_images/splash_image1.svg",
    "splashBackgroundColor": "#ffffff",
    "tags": [
      "ohara",
      "mini-app",
      "base",
      "farcaster"
    ],
    "primaryCategory": "entertainment",
    "ogTitle": "FormFlow Designer",
    "ogImageUrl": "https://usdozf7pplhxfvrl.public.blob.vercel-storage.com/thumbnail_830942f1-a64d-4e55-9669-bbcd7fe24d72-IWaPODzgPo4t6rmYdglOGNxEXc8MUw"
  },
  "baseBuilder": {
    "allowedAddresses": [
      ""
    ]
  },
  "accountAssociation": {
    "header": "eyJmaWQiOjE0NzcxNDIsInR5cGUiOiJhdXRoIiwia2V5IjoiMHg3RDc5RTkwMjQ4MjQ2OWRBNjQ5NzdkMkIwOTc3MTIwQzc3MDI5NTkzIn0",
    "payload": "eyJkb21haW4iOiJzdWJzdGFuY2UtZGF3bi0zNDUuYXBwLm9oYXJhLmFpIn0",
    "signature": "wunrlnrOHr5MqTe9mwNHRh1O0eVeLJ488xOqcjhO7u8Z4q4u+SW0xoFb5fI9VNz6dOIYyCWqMOhqsd5O0aKWlBs="
  }
}
