{
  "miniapp": {
    "version": "1",
    "name": "Smart Bet Tracker",
    "iconUrl": "https://usdozf7pplhxfvrl.public.blob.vercel-storage.com/thumbnail_1f140650-0bfd-4a7c-86c2-6c6eea81a8e3-Q2cB2GcGvvKjIRFDp3RxAeM1Vg39SA",
    "homeUrl": "https://north-nearby-747.app.ohara.ai",
    "imageUrl": "https://usdozf7pplhxfvrl.public.blob.vercel-storage.com/thumbnail_1f140650-0bfd-4a7c-86c2-6c6eea81a8e3-Q2cB2GcGvvKjIRFDp3RxAeM1Vg39SA",
    "buttonTitle": "Open with Ohara",
    "splashImageUrl": "https://usdozf7pplhxfvrl.public.blob.vercel-storage.com/farcaster/splash_images/splash_image1.svg",
    "splashBackgroundColor": "#ffffff",
    "tags": [
      "ohara",
      "mini-app",
      "base",
      "farcaster"
    ],
    "primaryCategory": "entertainment",
    "ogTitle": "Smart Bet Tracker",
    "ogImageUrl": "https://usdozf7pplhxfvrl.public.blob.vercel-storage.com/thumbnail_1f140650-0bfd-4a7c-86c2-6c6eea81a8e3-Q2cB2GcGvvKjIRFDp3RxAeM1Vg39SA"
  },
  "baseBuilder": {
    "allowedAddresses": [
      ""
    ]
  },
  "accountAssociation": {
    "header": "eyJmaWQiOjE0NzcxNDIsInR5cGUiOiJhdXRoIiwia2V5IjoiMHg3RDc5RTkwMjQ4MjQ2OWRBNjQ5NzdkMkIwOTc3MTIwQzc3MDI5NTkzIn0",
    "payload": "eyJkb21haW4iOiJub3J0aC1uZWFyYnktNzQ3LmFwcC5vaGFyYS5haSJ9",
    "signature": "D6KU1o2+J2tNSjb0/v0DHBW3Xwrx1WHV6mBzbxEYI+FRXTok7EIeQh1qYdR8Lfpg5jT8nYzyBMkphChKnGkSfhs="
  }
}
