{
  "miniapp": {
    "version": "1",
    "name": "DreamFlex Pools",
    "iconUrl": "https://usdozf7pplhxfvrl.public.blob.vercel-storage.com/thumbnail_374651b7-8a6a-41bd-a3d0-619332592b0e-eTQT4eUvRqrFEaynB2wskaZ9QM3T8S",
    "homeUrl": "https://largest-introduced-021.app.ohara.ai",
    "imageUrl": "https://usdozf7pplhxfvrl.public.blob.vercel-storage.com/thumbnail_374651b7-8a6a-41bd-a3d0-619332592b0e-eTQT4eUvRqrFEaynB2wskaZ9QM3T8S",
    "buttonTitle": "Open with Ohara",
    "splashImageUrl": "https://usdozf7pplhxfvrl.public.blob.vercel-storage.com/farcaster/splash_images/splash_image1.svg",
    "splashBackgroundColor": "#ffffff",
    "tags": [
      "ohara",
      "mini-app",
      "base",
      "farcaster"
    ],
    "primaryCategory": "entertainment",
    "ogTitle": "DreamFlex Pools",
    "ogImageUrl": "https://usdozf7pplhxfvrl.public.blob.vercel-storage.com/thumbnail_374651b7-8a6a-41bd-a3d0-619332592b0e-eTQT4eUvRqrFEaynB2wskaZ9QM3T8S"
  },
  "baseBuilder": {
    "allowedAddresses": [
      ""
    ]
  },
  "accountAssociation": {
    "header": "eyJmaWQiOjE0NzcxNDIsInR5cGUiOiJhdXRoIiwia2V5IjoiMHg3RDc5RTkwMjQ4MjQ2OWRBNjQ5NzdkMkIwOTc3MTIwQzc3MDI5NTkzIn0",
    "payload": "eyJkb21haW4iOiJsYXJnZXN0LWludHJvZHVjZWQtMDIxLmFwcC5vaGFyYS5haSJ9",
    "signature": "jB8OHzMu6kS+Sg7SXul+aeDXGmgBueMGCfVU5E9NzIo7Gyi26HSzNSjlppbftcb5va837kgXEkm5CKAcm+XcTxw="
  }
}
