{
  "miniapp": {
    "version": "1",
    "name": "PickleRank",
    "iconUrl": "https://usdozf7pplhxfvrl.public.blob.vercel-storage.com/thumbnail_f657913b-9eef-4276-a581-89a484364437-NTzAiyD1znsvBdo57DR2YKkNt5RXPa",
    "homeUrl": "https://for-element-661.app.ohara.ai",
    "imageUrl": "https://usdozf7pplhxfvrl.public.blob.vercel-storage.com/thumbnail_f657913b-9eef-4276-a581-89a484364437-NTzAiyD1znsvBdo57DR2YKkNt5RXPa",
    "buttonTitle": "Open with Ohara",
    "splashImageUrl": "https://usdozf7pplhxfvrl.public.blob.vercel-storage.com/farcaster/splash_images/splash_image1.svg",
    "splashBackgroundColor": "#ffffff",
    "tags": [
      "ohara",
      "mini-app",
      "base",
      "farcaster"
    ],
    "primaryCategory": "entertainment",
    "ogTitle": "PickleRank",
    "ogImageUrl": "https://usdozf7pplhxfvrl.public.blob.vercel-storage.com/thumbnail_f657913b-9eef-4276-a581-89a484364437-NTzAiyD1znsvBdo57DR2YKkNt5RXPa"
  },
  "baseBuilder": {
    "allowedAddresses": [
      ""
    ]
  },
  "accountAssociation": {
    "header": "eyJmaWQiOjE0NzcxNDIsInR5cGUiOiJhdXRoIiwia2V5IjoiMHg3RDc5RTkwMjQ4MjQ2OWRBNjQ5NzdkMkIwOTc3MTIwQzc3MDI5NTkzIn0",
    "payload": "eyJkb21haW4iOiJmb3ItZWxlbWVudC02NjEuYXBwLm9oYXJhLmFpIn0",
    "signature": "Z60kzzqRCM0Gg6IHjVQXhqXQGJbQTU+FyeHfAq950lklNtL/XLvrncgM/C8YaDgRw5jKmfUQh2OTtLF48MRxzhw="
  }
}
