{
  "miniapp": {
    "version": "1",
    "name": "Tech Habits for Kids",
    "iconUrl": "https://usdozf7pplhxfvrl.public.blob.vercel-storage.com/thumbnail_b8698a3c-a446-4a14-834b-3c9bdb18bfec-F6HRybnrcPpNd62VZl13heD2oHZBN1",
    "homeUrl": "https://quarter-day-482.app.ohara.ai",
    "imageUrl": "https://usdozf7pplhxfvrl.public.blob.vercel-storage.com/thumbnail_b8698a3c-a446-4a14-834b-3c9bdb18bfec-F6HRybnrcPpNd62VZl13heD2oHZBN1",
    "buttonTitle": "Open with Ohara",
    "splashImageUrl": "https://usdozf7pplhxfvrl.public.blob.vercel-storage.com/farcaster/splash_images/splash_image1.svg",
    "splashBackgroundColor": "#ffffff",
    "tags": [
      "ohara",
      "mini-app",
      "base",
      "farcaster"
    ],
    "primaryCategory": "entertainment",
    "ogTitle": "Tech Habits for Kids",
    "ogImageUrl": "https://usdozf7pplhxfvrl.public.blob.vercel-storage.com/thumbnail_b8698a3c-a446-4a14-834b-3c9bdb18bfec-F6HRybnrcPpNd62VZl13heD2oHZBN1"
  },
  "baseBuilder": {
    "allowedAddresses": [
      ""
    ]
  },
  "accountAssociation": {
    "header": "eyJmaWQiOjE0NzcxNDIsInR5cGUiOiJjdXN0b2R5Iiwia2V5IjoiMHhENmMyNDdkRTgzMUI0MTkwYWZCYzM0ZTNhOTlDYzZGNzVDNjgwMEU2In0",
    "payload": "eyJkb21haW4iOiJxdWFydGVyLWRheS00ODIuYXBwLm9oYXJhLmFpIn0",
    "signature": "JFVxuJt/YYzr4mU+uLkqi2683uamK6ZpX78H2K4F19dhrobZ48IuV1d5kDpJz4vRLnUPgoykeSWrBq5IBeVbURw="
  }
}
