{
  "miniapp": {
    "version": "1",
    "name": "FlowPipeline Creator",
    "iconUrl": "https://usdozf7pplhxfvrl.public.blob.vercel-storage.com/thumbnail_1fdecfcf-f535-4cf0-9958-b2b6d8a14952-1oCAzgWA2mac8CfNn2zw3hv0HbjRC0",
    "homeUrl": "https://pink-pine-146.app.ohara.ai",
    "imageUrl": "https://usdozf7pplhxfvrl.public.blob.vercel-storage.com/thumbnail_1fdecfcf-f535-4cf0-9958-b2b6d8a14952-1oCAzgWA2mac8CfNn2zw3hv0HbjRC0",
    "buttonTitle": "Open with Ohara",
    "splashImageUrl": "https://usdozf7pplhxfvrl.public.blob.vercel-storage.com/farcaster/splash_images/splash_image1.svg",
    "splashBackgroundColor": "#ffffff",
    "tags": [
      "ohara",
      "mini-app",
      "base",
      "farcaster"
    ],
    "primaryCategory": "entertainment",
    "ogTitle": "FlowPipeline Creator",
    "ogImageUrl": "https://usdozf7pplhxfvrl.public.blob.vercel-storage.com/thumbnail_1fdecfcf-f535-4cf0-9958-b2b6d8a14952-1oCAzgWA2mac8CfNn2zw3hv0HbjRC0"
  },
  "baseBuilder": {
    "allowedAddresses": [
      ""
    ]
  },
  "accountAssociation": {
    "header": "eyJmaWQiOjE0NzcxNDIsInR5cGUiOiJhdXRoIiwia2V5IjoiMHg3RDc5RTkwMjQ4MjQ2OWRBNjQ5NzdkMkIwOTc3MTIwQzc3MDI5NTkzIn0",
    "payload": "eyJkb21haW4iOiJwaW5rLXBpbmUtMTQ2LmFwcC5vaGFyYS5haSJ9",
    "signature": "hfhdQiaPfHdvBpInzqdO+qR7MJvMjpaTA5KSSlPmt0xg8Bi3jq2QaJVVeZ+CzpwqnIS3w3YJ3cZCWEP94Bie/Bw="
  }
}
