{
  "miniapp": {
    "version": "1",
    "name": "MicroGuild Creator",
    "iconUrl": "https://usdozf7pplhxfvrl.public.blob.vercel-storage.com/thumbnail_65cdadbf-77d5-487c-b26b-93cd59222f1f-qFoL4Mh5JZ82LeNhWWnnQPq7xZyhou",
    "homeUrl": "https://program-grow-229.app.ohara.ai",
    "imageUrl": "https://usdozf7pplhxfvrl.public.blob.vercel-storage.com/thumbnail_65cdadbf-77d5-487c-b26b-93cd59222f1f-qFoL4Mh5JZ82LeNhWWnnQPq7xZyhou",
    "buttonTitle": "Open with Ohara",
    "splashImageUrl": "https://usdozf7pplhxfvrl.public.blob.vercel-storage.com/farcaster/splash_images/splash_image1.svg",
    "splashBackgroundColor": "#ffffff",
    "tags": [
      "ohara",
      "mini-app",
      "base",
      "farcaster"
    ],
    "primaryCategory": "entertainment",
    "ogTitle": "MicroGuild Creator",
    "ogImageUrl": "https://usdozf7pplhxfvrl.public.blob.vercel-storage.com/thumbnail_65cdadbf-77d5-487c-b26b-93cd59222f1f-qFoL4Mh5JZ82LeNhWWnnQPq7xZyhou"
  },
  "baseBuilder": {
    "allowedAddresses": [
      ""
    ]
  },
  "accountAssociation": {
    "header": "eyJmaWQiOjE0NzcxNDIsInR5cGUiOiJhdXRoIiwia2V5IjoiMHg3RDc5RTkwMjQ4MjQ2OWRBNjQ5NzdkMkIwOTc3MTIwQzc3MDI5NTkzIn0",
    "payload": "eyJkb21haW4iOiJwcm9ncmFtLWdyb3ctMjI5LmFwcC5vaGFyYS5haSJ9",
    "signature": "M0azHyguAt8qNM88JNIa90ogdqw3lULvYZmHedMBagwnviQqTURSVQyiTTescVIr4yhWfIKwXn1180AagcmuCxw="
  }
}
