{
  "miniapp": {
    "version": "1",
    "name": "BaseTime Oracle",
    "iconUrl": "https://usdozf7pplhxfvrl.public.blob.vercel-storage.com/thumbnail_760aefda-e1dc-4268-9fb8-93e7226a0687-J30C8AG3QzY7dsqf3fLlXi8sVkHpNO",
    "homeUrl": "https://suppose-promised-734.app.ohara.ai",
    "imageUrl": "https://usdozf7pplhxfvrl.public.blob.vercel-storage.com/thumbnail_760aefda-e1dc-4268-9fb8-93e7226a0687-J30C8AG3QzY7dsqf3fLlXi8sVkHpNO",
    "buttonTitle": "Open with Ohara",
    "splashImageUrl": "https://usdozf7pplhxfvrl.public.blob.vercel-storage.com/farcaster/splash_images/splash_image1.svg",
    "splashBackgroundColor": "#ffffff",
    "tags": [
      "ohara",
      "mini-app",
      "base",
      "farcaster"
    ],
    "primaryCategory": "entertainment",
    "ogTitle": "BaseTime Oracle",
    "ogImageUrl": "https://usdozf7pplhxfvrl.public.blob.vercel-storage.com/thumbnail_760aefda-e1dc-4268-9fb8-93e7226a0687-J30C8AG3QzY7dsqf3fLlXi8sVkHpNO"
  },
  "baseBuilder": {
    "allowedAddresses": [
      ""
    ]
  },
  "accountAssociation": {
    "header": "eyJmaWQiOjE0NzcxNDIsInR5cGUiOiJhdXRoIiwia2V5IjoiMHg3RDc5RTkwMjQ4MjQ2OWRBNjQ5NzdkMkIwOTc3MTIwQzc3MDI5NTkzIn0",
    "payload": "eyJkb21haW4iOiJzdXBwb3NlLXByb21pc2VkLTczNC5hcHAub2hhcmEuYWkifQ",
    "signature": "C4V4GdUrCvk7Ta98IiT23z67O99R5fJ0VMwPOzHyH5wzdjSzLBj4AOEvAqLg5liuxapN9mxEVcTuw+Fta+YkbRs="
  }
}
