{
  "miniapp": {
    "version": "1",
    "name": "Dream Hero Adventure",
    "iconUrl": "https://usdozf7pplhxfvrl.public.blob.vercel-storage.com/thumbnail_b9d57e29-12c0-419b-b9bb-dff238ea586d-CCjX5m80qYGfqxtMEOex0oPoJEobE6",
    "homeUrl": "https://giving-lake-728.app.ohara.ai",
    "imageUrl": "https://usdozf7pplhxfvrl.public.blob.vercel-storage.com/thumbnail_b9d57e29-12c0-419b-b9bb-dff238ea586d-CCjX5m80qYGfqxtMEOex0oPoJEobE6",
    "buttonTitle": "Open with Ohara",
    "splashImageUrl": "https://usdozf7pplhxfvrl.public.blob.vercel-storage.com/farcaster/splash_images/splash_image1.svg",
    "splashBackgroundColor": "#ffffff",
    "tags": [
      "ohara",
      "mini-app",
      "base",
      "farcaster"
    ],
    "primaryCategory": "entertainment",
    "ogTitle": "Dream Hero Adventure",
    "ogImageUrl": "https://usdozf7pplhxfvrl.public.blob.vercel-storage.com/thumbnail_b9d57e29-12c0-419b-b9bb-dff238ea586d-CCjX5m80qYGfqxtMEOex0oPoJEobE6"
  },
  "baseBuilder": {
    "allowedAddresses": [
      ""
    ]
  },
  "accountAssociation": {
    "header": "eyJmaWQiOjE0NzcxNDIsInR5cGUiOiJjdXN0b2R5Iiwia2V5IjoiMHhENmMyNDdkRTgzMUI0MTkwYWZCYzM0ZTNhOTlDYzZGNzVDNjgwMEU2In0",
    "payload": "eyJkb21haW4iOiJnaXZpbmctbGFrZS03MjguYXBwLm9oYXJhLmFpIn0",
    "signature": "MYQ1U5ZHisX/IyawkUaofaxAk8Vom8GdWZfB8TjJNEdPUw3FWLvhN0uCZ1CG7PijM6PrcDWznfxNxE41fa6hTBs="
  }
}
