{
  "miniapp": {
    "version": "1",
    "name": "EmotionChain",
    "iconUrl": "https://usdozf7pplhxfvrl.public.blob.vercel-storage.com/thumbnail_f45964b5-73e7-462c-b572-d324184e3c60-VT90JKZG4NeDeKs4xOLDJ7Qyxbo4cT",
    "homeUrl": "https://garden-free-548.app.ohara.ai",
    "imageUrl": "https://usdozf7pplhxfvrl.public.blob.vercel-storage.com/thumbnail_f45964b5-73e7-462c-b572-d324184e3c60-VT90JKZG4NeDeKs4xOLDJ7Qyxbo4cT",
    "buttonTitle": "Open with Ohara",
    "splashImageUrl": "https://usdozf7pplhxfvrl.public.blob.vercel-storage.com/farcaster/splash_images/splash_image1.svg",
    "splashBackgroundColor": "#ffffff",
    "tags": [
      "ohara",
      "mini-app",
      "base",
      "farcaster"
    ],
    "primaryCategory": "entertainment",
    "ogTitle": "EmotionChain",
    "ogImageUrl": "https://usdozf7pplhxfvrl.public.blob.vercel-storage.com/thumbnail_f45964b5-73e7-462c-b572-d324184e3c60-VT90JKZG4NeDeKs4xOLDJ7Qyxbo4cT"
  },
  "baseBuilder": {
    "allowedAddresses": [
      ""
    ]
  },
  "accountAssociation": {
    "header": "eyJmaWQiOjE0NzcxNDIsInR5cGUiOiJhdXRoIiwia2V5IjoiMHg3RDc5RTkwMjQ4MjQ2OWRBNjQ5NzdkMkIwOTc3MTIwQzc3MDI5NTkzIn0",
    "payload": "eyJkb21haW4iOiJnYXJkZW4tZnJlZS01NDguYXBwLm9oYXJhLmFpIn0",
    "signature": "3O9bNck2hYKO07OPQhwQUYfT0hcGq69BriEjljSK2V16Xm+piJwrM+lQxM+6NYzCYkhRAtvh6gUtrMTX1+Kh0Bs="
  }
}
