{
  "miniapp": {
    "version": "1",
    "name": "Wallet Score Engine",
    "iconUrl": "https://usdozf7pplhxfvrl.public.blob.vercel-storage.com/thumbnail_19cecd6e-b232-4f6d-9ef5-33f649c57829-zCaJIWa37oNjngyZgOvBz0IiiIky05",
    "homeUrl": "https://control-quick-134.app.ohara.ai",
    "imageUrl": "https://usdozf7pplhxfvrl.public.blob.vercel-storage.com/thumbnail_19cecd6e-b232-4f6d-9ef5-33f649c57829-zCaJIWa37oNjngyZgOvBz0IiiIky05",
    "buttonTitle": "Open with Ohara",
    "splashImageUrl": "https://usdozf7pplhxfvrl.public.blob.vercel-storage.com/farcaster/splash_images/splash_image1.svg",
    "splashBackgroundColor": "#ffffff",
    "tags": [
      "ohara",
      "mini-app",
      "base",
      "farcaster"
    ],
    "primaryCategory": "entertainment",
    "ogTitle": "Wallet Score Engine",
    "ogImageUrl": "https://usdozf7pplhxfvrl.public.blob.vercel-storage.com/thumbnail_19cecd6e-b232-4f6d-9ef5-33f649c57829-zCaJIWa37oNjngyZgOvBz0IiiIky05"
  },
  "baseBuilder": {
    "allowedAddresses": [
      ""
    ]
  }
}
