{
  "miniapp": {
    "version": "1",
    "name": "TaskMaster",
    "iconUrl": "https://placehold.co/600x400",
    "homeUrl": "https://selection-population-487.app.ohara.ai",
    "imageUrl": "https://placehold.co/600x400",
    "buttonTitle": "Open with Ohara",
    "splashImageUrl": "https://usdozf7pplhxfvrl.public.blob.vercel-storage.com/farcaster/splash_images/splash_image1.svg",
    "splashBackgroundColor": "#ffffff",
    "tags": [
      "ohara",
      "mini-app",
      "base",
      "farcaster"
    ],
    "primaryCategory": "entertainment",
    "ogTitle": "TaskMaster",
    "ogImageUrl": "https://placehold.co/600x400"
  },
  "baseBuilder": {
    "allowedAddresses": [
      ""
    ]
  }
}
