{
  "miniapp": {
    "version": "1",
    "name": "DreamNet Drop Designer",
    "iconUrl": "https://usdozf7pplhxfvrl.public.blob.vercel-storage.com/thumbnail_a677250a-f4b4-4cec-a913-a0d964dbdae1-8TgQIR4aFrxERnnjWVT7tnpatE04P5",
    "homeUrl": "https://buried-married-234.app.ohara.ai",
    "imageUrl": "https://usdozf7pplhxfvrl.public.blob.vercel-storage.com/thumbnail_a677250a-f4b4-4cec-a913-a0d964dbdae1-8TgQIR4aFrxERnnjWVT7tnpatE04P5",
    "buttonTitle": "Open with Ohara",
    "splashImageUrl": "https://usdozf7pplhxfvrl.public.blob.vercel-storage.com/farcaster/splash_images/splash_image1.svg",
    "splashBackgroundColor": "#ffffff",
    "tags": [
      "ohara",
      "mini-app",
      "base",
      "farcaster"
    ],
    "primaryCategory": "entertainment",
    "ogTitle": "DreamNet Drop Designer",
    "ogImageUrl": "https://usdozf7pplhxfvrl.public.blob.vercel-storage.com/thumbnail_a677250a-f4b4-4cec-a913-a0d964dbdae1-8TgQIR4aFrxERnnjWVT7tnpatE04P5"
  },
  "baseBuilder": {
    "allowedAddresses": [
      ""
    ]
  },
  "accountAssociation": {
    "header": "eyJmaWQiOjE0NzcxNDIsInR5cGUiOiJhdXRoIiwia2V5IjoiMHg3RDc5RTkwMjQ4MjQ2OWRBNjQ5NzdkMkIwOTc3MTIwQzc3MDI5NTkzIn0",
    "payload": "eyJkb21haW4iOiJidXJpZWQtbWFycmllZC0yMzQuYXBwLm9oYXJhLmFpIn0",
    "signature": "0nL09bZXPGJqu63NO2LIq+0RKZYpRb23baVkEZ5Gmw1H9nGviQHSpX+fsJEjflIMdHWXePCWkE+UjfBhAdzNpRw="
  }
}
