{
  "miniapp": {
    "version": "1",
    "name": "ViralPredictor",
    "iconUrl": "https://usdozf7pplhxfvrl.public.blob.vercel-storage.com/thumbnail_917799d9-4d60-41a6-919f-4b344bd5f940-jFaBQ7soq5RHo6AcIlV112LCl0clZC",
    "homeUrl": "https://declared-worry-202.app.ohara.ai",
    "imageUrl": "https://usdozf7pplhxfvrl.public.blob.vercel-storage.com/thumbnail_917799d9-4d60-41a6-919f-4b344bd5f940-jFaBQ7soq5RHo6AcIlV112LCl0clZC",
    "buttonTitle": "Open with Ohara",
    "splashImageUrl": "https://usdozf7pplhxfvrl.public.blob.vercel-storage.com/farcaster/splash_images/splash_image1.svg",
    "splashBackgroundColor": "#ffffff",
    "tags": [
      "ohara",
      "mini-app",
      "base",
      "farcaster"
    ],
    "primaryCategory": "entertainment",
    "ogTitle": "ViralPredictor",
    "ogImageUrl": "https://usdozf7pplhxfvrl.public.blob.vercel-storage.com/thumbnail_917799d9-4d60-41a6-919f-4b344bd5f940-jFaBQ7soq5RHo6AcIlV112LCl0clZC"
  },
  "baseBuilder": {
    "allowedAddresses": [
      ""
    ]
  },
  "accountAssociation": {
    "header": "eyJmaWQiOjE0NzcxNDIsInR5cGUiOiJhdXRoIiwia2V5IjoiMHg3RDc5RTkwMjQ4MjQ2OWRBNjQ5NzdkMkIwOTc3MTIwQzc3MDI5NTkzIn0",
    "payload": "eyJkb21haW4iOiJkcmllZC1ub3RoaW5nLTA5My5hcHAub2hhcmEuYWkifQ",
    "signature": "PhdQ/AfnZQGgpU//BOg71Og+K3LsToL0A9K+GEsIvsJm6fXIYC+OD5JRB5j6sZC7xNgaExEOQayHZslkFAaXHxs="
  }
}
