{
  "miniapp": {
    "version": "1",
    "name": "Emoji Mood Tracker",
    "iconUrl": "https://placehold.co/600x400",
    "homeUrl": "https://sweet-excellent-875.app.ohara.ai",
    "imageUrl": "https://placehold.co/600x400",
    "buttonTitle": "Open with Ohara",
    "splashImageUrl": "https://usdozf7pplhxfvrl.public.blob.vercel-storage.com/farcaster/splash_images/splash_image1.svg",
    "splashBackgroundColor": "#ffffff",
    "tags": [
      "ohara",
      "mini-app",
      "base",
      "farcaster"
    ],
    "primaryCategory": "entertainment",
    "ogTitle": "Emoji Mood Tracker",
    "ogImageUrl": "https://placehold.co/600x400"
  },
  "baseBuilder": {
    "allowedAddresses": [
      ""
    ]
  },
  "accountAssociation": {
    "header": "eyJmaWQiOjE0NzcxNDIsInR5cGUiOiJjdXN0b2R5Iiwia2V5IjoiMHhENmMyNDdkRTgzMUI0MTkwYWZCYzM0ZTNhOTlDYzZGNzVDNjgwMEU2In0",
    "payload": "eyJkb21haW4iOiJzd2VldC1leGNlbGxlbnQtODc1LmFwcC5vaGFyYS5haSJ9",
    "signature": "jYs27tCdxjiw23u+YwufQ2C4Cbba2Lv4KqncCwxB33oy2Xs14ccXN0i19iMBnXf7sCixacRG1W8SYo43kUrybhw="
  }
}
