{
  "miniapp": {
    "version": "1",
    "name": "DreamGraph Mapper",
    "iconUrl": "https://usdozf7pplhxfvrl.public.blob.vercel-storage.com/thumbnail_c74e8bd6-d389-40db-872a-a582d6eac6f4-GfW26Nw7uqWis1FBGoetdEZGt0aqFc",
    "homeUrl": "https://just-equator-411.app.ohara.ai",
    "imageUrl": "https://usdozf7pplhxfvrl.public.blob.vercel-storage.com/thumbnail_c74e8bd6-d389-40db-872a-a582d6eac6f4-GfW26Nw7uqWis1FBGoetdEZGt0aqFc",
    "buttonTitle": "Open with Ohara",
    "splashImageUrl": "https://usdozf7pplhxfvrl.public.blob.vercel-storage.com/farcaster/splash_images/splash_image1.svg",
    "splashBackgroundColor": "#ffffff",
    "tags": [
      "ohara",
      "mini-app",
      "base",
      "farcaster"
    ],
    "primaryCategory": "entertainment",
    "ogTitle": "DreamGraph Mapper",
    "ogImageUrl": "https://usdozf7pplhxfvrl.public.blob.vercel-storage.com/thumbnail_c74e8bd6-d389-40db-872a-a582d6eac6f4-GfW26Nw7uqWis1FBGoetdEZGt0aqFc"
  },
  "baseBuilder": {
    "allowedAddresses": [
      ""
    ]
  },
  "accountAssociation": {
    "header": "eyJmaWQiOjE0NzcxNDIsInR5cGUiOiJhdXRoIiwia2V5IjoiMHg3RDc5RTkwMjQ4MjQ2OWRBNjQ5NzdkMkIwOTc3MTIwQzc3MDI5NTkzIn0",
    "payload": "eyJkb21haW4iOiJqdXN0LWVxdWF0b3ItNDExLmFwcC5vaGFyYS5haSJ9",
    "signature": "417zl8rT9yB9H/wS+J5X+k1sWHZav0pjOxKU/E+i50Z1TauMCEuDB/PiE7iWQGy3Vzgki1aQKTCF+ZQZOP8BPhs="
  }
}
