{
  "miniapp": {
    "version": "1",
    "name": "Ohara Mapper",
    "iconUrl": "https://usdozf7pplhxfvrl.public.blob.vercel-storage.com/thumbnail_13ff2166-9de8-4349-9bb8-608645a7f96a-eKD6uPx1mhlk3vA2RPj0C91FPHWrjH",
    "homeUrl": "https://beyond-waste-460.app.ohara.ai",
    "imageUrl": "https://usdozf7pplhxfvrl.public.blob.vercel-storage.com/thumbnail_13ff2166-9de8-4349-9bb8-608645a7f96a-eKD6uPx1mhlk3vA2RPj0C91FPHWrjH",
    "buttonTitle": "Open with Ohara",
    "splashImageUrl": "https://usdozf7pplhxfvrl.public.blob.vercel-storage.com/farcaster/splash_images/splash_image1.svg",
    "splashBackgroundColor": "#ffffff",
    "tags": [
      "ohara",
      "mini-app",
      "base",
      "farcaster"
    ],
    "primaryCategory": "entertainment",
    "ogTitle": "Ohara Mapper",
    "ogImageUrl": "https://usdozf7pplhxfvrl.public.blob.vercel-storage.com/thumbnail_13ff2166-9de8-4349-9bb8-608645a7f96a-eKD6uPx1mhlk3vA2RPj0C91FPHWrjH"
  },
  "baseBuilder": {
    "allowedAddresses": [
      ""
    ]
  },
  "accountAssociation": {
    "header": "eyJmaWQiOjE0NzcxNDIsInR5cGUiOiJhdXRoIiwia2V5IjoiMHg3RDc5RTkwMjQ4MjQ2OWRBNjQ5NzdkMkIwOTc3MTIwQzc3MDI5NTkzIn0",
    "payload": "eyJkb21haW4iOiJiZXlvbmQtd2FzdGUtNDYwLmFwcC5vaGFyYS5haSJ9",
    "signature": "/6k3B29VHEDKGH166Qf6csT4bxCVYxz9UhblfUV0YV1tOYJ9uAEPwEpFDTUHEhRDBr3ToLyX0SaOku+22GL0wRw="
  }
}
