{
  "miniapp": {
    "version": "1",
    "name": "CodeLens Analyzer",
    "iconUrl": "https://placehold.co/600x400",
    "homeUrl": "https://none-example-733.app.ohara.ai",
    "imageUrl": "https://placehold.co/600x400",
    "buttonTitle": "Open with Ohara",
    "splashImageUrl": "https://usdozf7pplhxfvrl.public.blob.vercel-storage.com/farcaster/splash_images/splash_image1.svg",
    "splashBackgroundColor": "#ffffff",
    "tags": [
      "ohara",
      "mini-app",
      "base",
      "farcaster"
    ],
    "primaryCategory": "entertainment",
    "ogTitle": "CodeLens Analyzer",
    "ogImageUrl": "https://placehold.co/600x400"
  },
  "baseBuilder": {
    "allowedAddresses": [
      ""
    ]
  },
  "accountAssociation": {
    "header": "eyJmaWQiOjE0NzcxNDIsInR5cGUiOiJjdXN0b2R5Iiwia2V5IjoiMHhENmMyNDdkRTgzMUI0MTkwYWZCYzM0ZTNhOTlDYzZGNzVDNjgwMEU2In0",
    "payload": "eyJkb21haW4iOiJub25lLWV4YW1wbGUtNzMzLmFwcC5vaGFyYS5haSJ9",
    "signature": "EU2F3tvi/vxZ/z1H5inhiji4iF3vcklRMRyu+sr3fbda9wXXK+ZiDphL8TMK0wg7OdyqVJTaQ3Y72pUMF4m3bxs="
  }
}
