{
  "miniapp": {
    "version": "1",
    "name": "DreamNet Econ Designer",
    "iconUrl": "https://usdozf7pplhxfvrl.public.blob.vercel-storage.com/thumbnail_5d929c15-978a-49b8-a786-7b8b138bf456-Qf4a8qrB1iHNEfLlbyL7qzzMraTltF",
    "homeUrl": "https://continued-earlier-297.app.ohara.ai",
    "imageUrl": "https://usdozf7pplhxfvrl.public.blob.vercel-storage.com/thumbnail_5d929c15-978a-49b8-a786-7b8b138bf456-Qf4a8qrB1iHNEfLlbyL7qzzMraTltF",
    "buttonTitle": "Open with Ohara",
    "splashImageUrl": "https://usdozf7pplhxfvrl.public.blob.vercel-storage.com/farcaster/splash_images/splash_image1.svg",
    "splashBackgroundColor": "#ffffff",
    "tags": [
      "ohara",
      "mini-app",
      "base",
      "farcaster"
    ],
    "primaryCategory": "entertainment",
    "ogTitle": "DreamNet Econ Designer",
    "ogImageUrl": "https://usdozf7pplhxfvrl.public.blob.vercel-storage.com/thumbnail_5d929c15-978a-49b8-a786-7b8b138bf456-Qf4a8qrB1iHNEfLlbyL7qzzMraTltF"
  },
  "baseBuilder": {
    "allowedAddresses": [
      ""
    ]
  },
  "accountAssociation": {
    "header": "eyJmaWQiOjE0NzcxNDIsInR5cGUiOiJhdXRoIiwia2V5IjoiMHg3RDc5RTkwMjQ4MjQ2OWRBNjQ5NzdkMkIwOTc3MTIwQzc3MDI5NTkzIn0",
    "payload": "eyJkb21haW4iOiJjb250aW51ZWQtZWFybGllci0yOTcuYXBwLm9oYXJhLmFpIn0",
    "signature": "n6p7gpiptuo3fgjRgc1s9eqRCdgh/jX35hLNBs34c9EsUbpiPT45typoLuH2odpohm8ghpL6FOrMbR/X9xXI+Bs="
  }
}
