{
  "miniapp": {
    "version": "1",
    "name": "MemeForge: AI Meme Generator",
    "iconUrl": "https://usdozf7pplhxfvrl.public.blob.vercel-storage.com/thumbnail_c9784ac3-ff9e-46a5-97c1-3a77b617d595-bjwimzPVlmaOzDE4IJ4qkFKm29uUpd",
    "homeUrl": "https://brother-trick-697.app.ohara.ai",
    "imageUrl": "https://usdozf7pplhxfvrl.public.blob.vercel-storage.com/thumbnail_c9784ac3-ff9e-46a5-97c1-3a77b617d595-bjwimzPVlmaOzDE4IJ4qkFKm29uUpd",
    "buttonTitle": "Open with Ohara",
    "splashImageUrl": "https://usdozf7pplhxfvrl.public.blob.vercel-storage.com/farcaster/splash_images/splash_image1.svg",
    "splashBackgroundColor": "#ffffff",
    "tags": [
      "ohara",
      "mini-app",
      "base",
      "farcaster"
    ],
    "primaryCategory": "entertainment",
    "ogTitle": "MemeForge: AI Meme Generator",
    "ogImageUrl": "https://usdozf7pplhxfvrl.public.blob.vercel-storage.com/thumbnail_c9784ac3-ff9e-46a5-97c1-3a77b617d595-bjwimzPVlmaOzDE4IJ4qkFKm29uUpd"
  },
  "baseBuilder": {
    "allowedAddresses": [
      ""
    ]
  },
  "accountAssociation": {
    "header": "eyJmaWQiOjE0NzcxNDIsInR5cGUiOiJhdXRoIiwia2V5IjoiMHg3RDc5RTkwMjQ4MjQ2OWRBNjQ5NzdkMkIwOTc3MTIwQzc3MDI5NTkzIn0",
    "payload": "eyJkb21haW4iOiJicm90aGVyLXRyaWNrLTY5Ny5hcHAub2hhcmEuYWkifQ",
    "signature": "SaA75fqG4ygCrCRkKHVZE4k70XdmbCIUHyH18N3mh/4UajqvS/SMX606hrMwZdhgX9gun4eKMFPI9MPUwjtWQxw="
  }
}
