{
  "miniapp": {
    "version": "1",
    "name": "DreamRank Engine",
    "iconUrl": "https://usdozf7pplhxfvrl.public.blob.vercel-storage.com/thumbnail_fb7faf8b-9117-49ad-b896-e27e98979bbf-lzgCnq4malYvKYnF9Szti0OPHoH7Ma",
    "homeUrl": "https://cage-himself-501.app.ohara.ai",
    "imageUrl": "https://usdozf7pplhxfvrl.public.blob.vercel-storage.com/thumbnail_fb7faf8b-9117-49ad-b896-e27e98979bbf-lzgCnq4malYvKYnF9Szti0OPHoH7Ma",
    "buttonTitle": "Open with Ohara",
    "splashImageUrl": "https://usdozf7pplhxfvrl.public.blob.vercel-storage.com/farcaster/splash_images/splash_image1.svg",
    "splashBackgroundColor": "#ffffff",
    "tags": [
      "ohara",
      "mini-app",
      "base",
      "farcaster"
    ],
    "primaryCategory": "entertainment",
    "ogTitle": "DreamRank Engine",
    "ogImageUrl": "https://usdozf7pplhxfvrl.public.blob.vercel-storage.com/thumbnail_fb7faf8b-9117-49ad-b896-e27e98979bbf-lzgCnq4malYvKYnF9Szti0OPHoH7Ma"
  },
  "baseBuilder": {
    "allowedAddresses": [
      ""
    ]
  },
  "accountAssociation": {
    "header": "eyJmaWQiOjE0NzcxNDIsInR5cGUiOiJjdXN0b2R5Iiwia2V5IjoiMHhENmMyNDdkRTgzMUI0MTkwYWZCYzM0ZTNhOTlDYzZGNzVDNjgwMEU2In0",
    "payload": "eyJkb21haW4iOiJjYWdlLWhpbXNlbGYtNTAxLmFwcC5vaGFyYS5haSJ9",
    "signature": "DCDOgp1L4FKZ9T1dqUqnqc13eODwiJ2oVm89/1b57mZD/pKo2R81chHsUxzLcE/dZmIz3bK71ZbP/eaFz2KCWRs="
  }
}
