{
  "miniapp": {
    "version": "1",
    "name": "DreamBuddy Customizer",
    "iconUrl": "https://placehold.co/600x400",
    "homeUrl": "https://left-place-384.app.ohara.ai",
    "imageUrl": "https://placehold.co/600x400",
    "buttonTitle": "Open with Ohara",
    "splashImageUrl": "https://usdozf7pplhxfvrl.public.blob.vercel-storage.com/farcaster/splash_images/splash_image1.svg",
    "splashBackgroundColor": "#ffffff",
    "tags": [
      "ohara",
      "mini-app",
      "base",
      "farcaster"
    ],
    "primaryCategory": "entertainment",
    "ogTitle": "DreamBuddy Customizer",
    "ogImageUrl": "https://placehold.co/600x400"
  },
  "baseBuilder": {
    "allowedAddresses": [
      ""
    ]
  },
  "accountAssociation": {
    "header": "eyJmaWQiOjE0NzcxNDIsInR5cGUiOiJjdXN0b2R5Iiwia2V5IjoiMHhENmMyNDdkRTgzMUI0MTkwYWZCYzM0ZTNhOTlDYzZGNzVDNjgwMEU2In0",
    "payload": "eyJkb21haW4iOiJsZWZ0LXBsYWNlLTM4NC5hcHAub2hhcmEuYWkifQ",
    "signature": "zs6eCKghMYxteHHQSLRpRKMdA3OHoaFVbluV6Ic/XypKBGv+85SfvOjEZgj8iZRJ1clvmCdaoSNDJJAMBLdlkRs="
  }
}
