{
  "miniapp": {
    "version": "1",
    "name": "DreamCook Express",
    "iconUrl": "https://usdozf7pplhxfvrl.public.blob.vercel-storage.com/thumbnail_84f2c177-5acc-4c01-b347-f068b09d0ac9-GSEZ8j4xBdElvX3zzX2D5yoJHnExyl",
    "homeUrl": "https://fruit-gas-540.app.ohara.ai",
    "imageUrl": "https://usdozf7pplhxfvrl.public.blob.vercel-storage.com/thumbnail_84f2c177-5acc-4c01-b347-f068b09d0ac9-GSEZ8j4xBdElvX3zzX2D5yoJHnExyl",
    "buttonTitle": "Open with Ohara",
    "splashImageUrl": "https://usdozf7pplhxfvrl.public.blob.vercel-storage.com/farcaster/splash_images/splash_image1.svg",
    "splashBackgroundColor": "#ffffff",
    "tags": [
      "ohara",
      "mini-app",
      "base",
      "farcaster"
    ],
    "primaryCategory": "entertainment",
    "ogTitle": "DreamCook Express",
    "ogImageUrl": "https://usdozf7pplhxfvrl.public.blob.vercel-storage.com/thumbnail_84f2c177-5acc-4c01-b347-f068b09d0ac9-GSEZ8j4xBdElvX3zzX2D5yoJHnExyl"
  },
  "baseBuilder": {
    "allowedAddresses": [
      ""
    ]
  },
  "accountAssociation": {
    "header": "eyJmaWQiOjE0NzcxNDIsInR5cGUiOiJhdXRoIiwia2V5IjoiMHg3RDc5RTkwMjQ4MjQ2OWRBNjQ5NzdkMkIwOTc3MTIwQzc3MDI5NTkzIn0",
    "payload": "eyJkb21haW4iOiJmcnVpdC1nYXMtNTQwLmFwcC5vaGFyYS5haSJ9",
    "signature": "Mplek9qbRyw+RJ23E9cUaZQHvXuJWBSiXj3tu6IfrsQjHvzowGUsNeSZsfIOv4JKUqEFULbRs6BQaFGkH5srgxw="
  }
}
