{
  "miniapp": {
    "version": "1",
    "name": "TapRoot Wallet",
    "iconUrl": "https://usdozf7pplhxfvrl.public.blob.vercel-storage.com/thumbnail_69272ec2-e9d1-4d91-bb54-23010fe4c5e2-qwxGt2B19vBKqryVmEpfj8T5kZaM2v",
    "homeUrl": "https://effect-sides-747.app.ohara.ai",
    "imageUrl": "https://usdozf7pplhxfvrl.public.blob.vercel-storage.com/thumbnail_69272ec2-e9d1-4d91-bb54-23010fe4c5e2-qwxGt2B19vBKqryVmEpfj8T5kZaM2v",
    "buttonTitle": "Open with Ohara",
    "splashImageUrl": "https://usdozf7pplhxfvrl.public.blob.vercel-storage.com/farcaster/splash_images/splash_image1.svg",
    "splashBackgroundColor": "#ffffff",
    "tags": [
      "ohara",
      "mini-app",
      "base",
      "farcaster"
    ],
    "primaryCategory": "entertainment",
    "ogTitle": "TapRoot Wallet",
    "ogImageUrl": "https://usdozf7pplhxfvrl.public.blob.vercel-storage.com/thumbnail_69272ec2-e9d1-4d91-bb54-23010fe4c5e2-qwxGt2B19vBKqryVmEpfj8T5kZaM2v"
  },
  "baseBuilder": {
    "allowedAddresses": [
      ""
    ]
  },
  "accountAssociation": {
    "header": "eyJmaWQiOjE0NzcxNDIsInR5cGUiOiJhdXRoIiwia2V5IjoiMHg3RDc5RTkwMjQ4MjQ2OWRBNjQ5NzdkMkIwOTc3MTIwQzc3MDI5NTkzIn0",
    "payload": "eyJkb21haW4iOiJlZmZlY3Qtc2lkZXMtNzQ3LmFwcC5vaGFyYS5haSJ9",
    "signature": "ebKOfXFzJ4iHcZ6Ppdzwa4JPneQ3L5JYsLh4Uone4ngh1xfMBavUmVugEFmn0+hNLhsqNhhDxjra7Imb5qH+ERw="
  }
}
