{
  "miniapp": {
    "version": "1",
    "name": "Tech Habits for Kids",
    "iconUrl": "https://usdozf7pplhxfvrl.public.blob.vercel-storage.com/thumbnail_5ea9c4a7-233a-4995-8b7a-d84590d5a81b-WYP9gJifTHgeVBH3gfuyUSbgM6TzDI",
    "homeUrl": "https://square-egg-041.app.ohara.ai",
    "imageUrl": "https://usdozf7pplhxfvrl.public.blob.vercel-storage.com/thumbnail_5ea9c4a7-233a-4995-8b7a-d84590d5a81b-WYP9gJifTHgeVBH3gfuyUSbgM6TzDI",
    "buttonTitle": "Open with Ohara",
    "splashImageUrl": "https://usdozf7pplhxfvrl.public.blob.vercel-storage.com/farcaster/splash_images/splash_image1.svg",
    "splashBackgroundColor": "#ffffff",
    "tags": [
      "ohara",
      "mini-app",
      "base",
      "farcaster"
    ],
    "primaryCategory": "entertainment",
    "ogTitle": "Tech Habits for Kids",
    "ogImageUrl": "https://usdozf7pplhxfvrl.public.blob.vercel-storage.com/thumbnail_5ea9c4a7-233a-4995-8b7a-d84590d5a81b-WYP9gJifTHgeVBH3gfuyUSbgM6TzDI"
  },
  "baseBuilder": {
    "allowedAddresses": [
      ""
    ]
  }
}
