{
  "miniapp": {
    "version": "1",
    "name": "Social Content Generator",
    "iconUrl": "https://usdozf7pplhxfvrl.public.blob.vercel-storage.com/thumbnail_002c6a7b-4695-4060-93f4-b188b6c9341d-59sTcxMsGeOqxGYjxEhkaGP4dTvLef",
    "homeUrl": "https://struggle-red-854.app.ohara.ai",
    "imageUrl": "https://usdozf7pplhxfvrl.public.blob.vercel-storage.com/thumbnail_002c6a7b-4695-4060-93f4-b188b6c9341d-59sTcxMsGeOqxGYjxEhkaGP4dTvLef",
    "buttonTitle": "Open with Ohara",
    "splashImageUrl": "https://usdozf7pplhxfvrl.public.blob.vercel-storage.com/farcaster/splash_images/splash_image1.svg",
    "splashBackgroundColor": "#ffffff",
    "tags": [
      "ohara",
      "mini-app",
      "base",
      "farcaster"
    ],
    "primaryCategory": "entertainment",
    "ogTitle": "Social Content Generator",
    "ogImageUrl": "https://usdozf7pplhxfvrl.public.blob.vercel-storage.com/thumbnail_002c6a7b-4695-4060-93f4-b188b6c9341d-59sTcxMsGeOqxGYjxEhkaGP4dTvLef"
  },
  "baseBuilder": {
    "allowedAddresses": [
      ""
    ]
  }
}
