{
  "miniapp": {
    "version": "1",
    "name": "DreamMeal Planner",
    "iconUrl": "https://placehold.co/600x400",
    "homeUrl": "https://secret-pipe-647.app.ohara.ai",
    "imageUrl": "https://placehold.co/600x400",
    "buttonTitle": "Open with Ohara",
    "splashImageUrl": "https://usdozf7pplhxfvrl.public.blob.vercel-storage.com/farcaster/splash_images/splash_image1.svg",
    "splashBackgroundColor": "#ffffff",
    "tags": [
      "ohara",
      "mini-app",
      "base",
      "farcaster"
    ],
    "primaryCategory": "entertainment",
    "ogTitle": "DreamMeal Planner",
    "ogImageUrl": "https://placehold.co/600x400"
  },
  "baseBuilder": {
    "allowedAddresses": [
      ""
    ]
  },
  "accountAssociation": {
    "header": "eyJmaWQiOjE0NzcxNDIsInR5cGUiOiJjdXN0b2R5Iiwia2V5IjoiMHhENmMyNDdkRTgzMUI0MTkwYWZCYzM0ZTNhOTlDYzZGNzVDNjgwMEU2In0",
    "payload": "eyJkb21haW4iOiJzZWNyZXQtcGlwZS02NDcuYXBwLm9oYXJhLmFpIn0",
    "signature": "Ud7FIgV+hPG0ss7oblhLnV6hVf4I4X6vlDUcp5aaYeBz0vl68S4azZDZEiE8cT317H/iUun6vH7g1+MPtd3QNxs="
  }
}
