{
  "miniapp": {
    "version": "1",
    "name": "Miniworld Hub",
    "iconUrl": "https://usdozf7pplhxfvrl.public.blob.vercel-storage.com/thumbnail_8cd67c0c-67cc-490f-b57e-b17785d6262d-aEnnKWvW4RgOVW8DbvbKPQw181X1aJ",
    "homeUrl": "https://reach-given-274.app.ohara.ai",
    "imageUrl": "https://usdozf7pplhxfvrl.public.blob.vercel-storage.com/thumbnail_8cd67c0c-67cc-490f-b57e-b17785d6262d-aEnnKWvW4RgOVW8DbvbKPQw181X1aJ",
    "buttonTitle": "Open with Ohara",
    "splashImageUrl": "https://usdozf7pplhxfvrl.public.blob.vercel-storage.com/farcaster/splash_images/splash_image1.svg",
    "splashBackgroundColor": "#ffffff",
    "tags": [
      "ohara",
      "mini-app",
      "base",
      "farcaster"
    ],
    "primaryCategory": "entertainment",
    "ogTitle": "Miniworld Hub",
    "ogImageUrl": "https://usdozf7pplhxfvrl.public.blob.vercel-storage.com/thumbnail_8cd67c0c-67cc-490f-b57e-b17785d6262d-aEnnKWvW4RgOVW8DbvbKPQw181X1aJ"
  },
  "baseBuilder": {
    "allowedAddresses": [
      ""
    ]
  },
  "accountAssociation": {
    "header": "eyJmaWQiOjE0NzcxNDIsInR5cGUiOiJhdXRoIiwia2V5IjoiMHg3RDc5RTkwMjQ4MjQ2OWRBNjQ5NzdkMkIwOTc3MTIwQzc3MDI5NTkzIn0",
    "payload": "eyJkb21haW4iOiJyZWFjaC1naXZlbi0yNzQuYXBwLm9oYXJhLmFpIn0",
    "signature": "AB9SHQBP4tlIYPTnKOnJLEcgj0RUAN71hm7OUVHuZjFj9dg13TZRNlXvpJxG9eOKRC6Kewl+K+UxuSvMrgwjghw="
  }
}
