{
  "miniapp": {
    "version": "1",
    "name": "DreamForge Studio",
    "iconUrl": "https://usdozf7pplhxfvrl.public.blob.vercel-storage.com/thumbnail_8265d5dc-efe7-4ea6-802e-da0b9df63334-f8ukA3aNGraVBvglMbqYV3DFncS68E",
    "homeUrl": "https://swimming-teeth-771.app.ohara.ai",
    "imageUrl": "https://usdozf7pplhxfvrl.public.blob.vercel-storage.com/thumbnail_8265d5dc-efe7-4ea6-802e-da0b9df63334-f8ukA3aNGraVBvglMbqYV3DFncS68E",
    "buttonTitle": "Open with Ohara",
    "splashImageUrl": "https://usdozf7pplhxfvrl.public.blob.vercel-storage.com/farcaster/splash_images/splash_image1.svg",
    "splashBackgroundColor": "#ffffff",
    "tags": [
      "ohara",
      "mini-app",
      "base",
      "farcaster"
    ],
    "primaryCategory": "entertainment",
    "ogTitle": "DreamForge Studio",
    "ogImageUrl": "https://usdozf7pplhxfvrl.public.blob.vercel-storage.com/thumbnail_8265d5dc-efe7-4ea6-802e-da0b9df63334-f8ukA3aNGraVBvglMbqYV3DFncS68E"
  },
  "baseBuilder": {
    "allowedAddresses": [
      ""
    ]
  },
  "accountAssociation": {
    "header": "eyJmaWQiOjE0NzcxNDIsInR5cGUiOiJjdXN0b2R5Iiwia2V5IjoiMHhENmMyNDdkRTgzMUI0MTkwYWZCYzM0ZTNhOTlDYzZGNzVDNjgwMEU2In0",
    "payload": "eyJkb21haW4iOiJzd2ltbWluZy10ZWV0aC03NzEuYXBwLm9oYXJhLmFpIn0",
    "signature": "Jpd0+R/Ms72FVyLumFd944Jo5lSIQUZGERkGQc76GfYntYp3mU/FtNXDC0eP/7pIfYl1D042dv5f0Ud7PXxwJxs="
  }
}
