{
  "miniapp": {
    "version": "1",
    "name": "DreamForge Story Maker",
    "iconUrl": "https://placehold.co/600x400",
    "homeUrl": "https://stems-hunter-375.app.ohara.ai",
    "imageUrl": "https://placehold.co/600x400",
    "buttonTitle": "Open with Ohara",
    "splashImageUrl": "https://usdozf7pplhxfvrl.public.blob.vercel-storage.com/farcaster/splash_images/splash_image1.svg",
    "splashBackgroundColor": "#ffffff",
    "tags": [
      "ohara",
      "mini-app",
      "base",
      "farcaster"
    ],
    "primaryCategory": "entertainment",
    "ogTitle": "DreamForge Story Maker",
    "ogImageUrl": "https://placehold.co/600x400"
  },
  "baseBuilder": {
    "allowedAddresses": [
      ""
    ]
  },
  "accountAssociation": {
    "header": "eyJmaWQiOjE0NzcxNDIsInR5cGUiOiJjdXN0b2R5Iiwia2V5IjoiMHhENmMyNDdkRTgzMUI0MTkwYWZCYzM0ZTNhOTlDYzZGNzVDNjgwMEU2In0",
    "payload": "eyJkb21haW4iOiJzdGVtcy1odW50ZXItMzc1LmFwcC5vaGFyYS5haSJ9",
    "signature": "OpxDGeSNSDXB5EBo4c3vcPVBE7z/wFtcORJK3tQAKoRouG4mgvYfRzLpFZA09OCi4rECMN+QQ07n+84IOk2vfRw="
  }
}
