{
  "miniapp": {
    "version": "1",
    "name": "MODU V2: Unified Payment System",
    "iconUrl": "https://usdozf7pplhxfvrl.public.blob.vercel-storage.com/thumbnail_98a5ab49-f5bb-4872-845d-6a5c790566eb-Q97x05cgz1MZgJz1uJN6XD54CmBR4x",
    "homeUrl": "https://cutting-state-566.app.ohara.ai",
    "imageUrl": "https://usdozf7pplhxfvrl.public.blob.vercel-storage.com/thumbnail_98a5ab49-f5bb-4872-845d-6a5c790566eb-Q97x05cgz1MZgJz1uJN6XD54CmBR4x",
    "buttonTitle": "Open with Ohara",
    "splashImageUrl": "https://usdozf7pplhxfvrl.public.blob.vercel-storage.com/farcaster/splash_images/splash_image1.svg",
    "splashBackgroundColor": "#ffffff",
    "tags": [
      "ohara",
      "mini-app",
      "base",
      "farcaster"
    ],
    "primaryCategory": "entertainment",
    "ogTitle": "MODU V2: Unified Payment System",
    "ogImageUrl": "https://usdozf7pplhxfvrl.public.blob.vercel-storage.com/thumbnail_98a5ab49-f5bb-4872-845d-6a5c790566eb-Q97x05cgz1MZgJz1uJN6XD54CmBR4x"
  },
  "baseBuilder": {
    "allowedAddresses": [
      ""
    ]
  },
  "accountAssociation": {
    "header": "eyJmaWQiOjE0NzcxNDIsInR5cGUiOiJhdXRoIiwia2V5IjoiMHg3RDc5RTkwMjQ4MjQ2OWRBNjQ5NzdkMkIwOTc3MTIwQzc3MDI5NTkzIn0",
    "payload": "eyJkb21haW4iOiJjdXR0aW5nLXN0YXRlLTU2Ni5hcHAub2hhcmEuYWkifQ",
    "signature": "+RQ+Jl2bPabc8T2PFaS4JYJZDUUwrxbXMRa0tlq6hCY1kTzgsgfbS+qvdcttNHqjUCKKkBW2nr4TDz528LfSQBw="
  }
}
