{
  "miniapp": {
    "version": "1",
    "name": "DreamFit Coach",
    "iconUrl": "https://placehold.co/600x400",
    "homeUrl": "https://donkey-dust-192.app.ohara.ai",
    "imageUrl": "https://placehold.co/600x400",
    "buttonTitle": "Open with Ohara",
    "splashImageUrl": "https://usdozf7pplhxfvrl.public.blob.vercel-storage.com/farcaster/splash_images/splash_image1.svg",
    "splashBackgroundColor": "#ffffff",
    "tags": [
      "ohara",
      "mini-app",
      "base",
      "farcaster"
    ],
    "primaryCategory": "entertainment",
    "ogTitle": "DreamFit Coach",
    "ogImageUrl": "https://placehold.co/600x400"
  },
  "baseBuilder": {
    "allowedAddresses": [
      ""
    ]
  },
  "accountAssociation": {
    "header": "eyJmaWQiOjE0NzcxNDIsInR5cGUiOiJjdXN0b2R5Iiwia2V5IjoiMHhENmMyNDdkRTgzMUI0MTkwYWZCYzM0ZTNhOTlDYzZGNzVDNjgwMEU2In0",
    "payload": "eyJkb21haW4iOiJkb25rZXktZHVzdC0xOTIuYXBwLm9oYXJhLmFpIn0",
    "signature": "KxGMKjLBWyob3XP1pTR2oMECOEShwy9mL0Dkx+J5Ge8azXp5/ehBEBRsPdMEviUgBQY1UkgHB5nxx6Mdkbps1xw="
  }
}
