{
  "miniapp": {
    "version": "1",
    "name": "DreamLab Scenario Simulator",
    "iconUrl": "https://usdozf7pplhxfvrl.public.blob.vercel-storage.com/thumbnail_c5619b34-e9b0-4387-86a1-d85796d6b81d-kQsl2p0phSUtirtx5RC5QY0FYYwNHO",
    "homeUrl": "https://trace-today-569.app.ohara.ai",
    "imageUrl": "https://usdozf7pplhxfvrl.public.blob.vercel-storage.com/thumbnail_c5619b34-e9b0-4387-86a1-d85796d6b81d-kQsl2p0phSUtirtx5RC5QY0FYYwNHO",
    "buttonTitle": "Open with Ohara",
    "splashImageUrl": "https://usdozf7pplhxfvrl.public.blob.vercel-storage.com/farcaster/splash_images/splash_image1.svg",
    "splashBackgroundColor": "#ffffff",
    "tags": [
      "ohara",
      "mini-app",
      "base",
      "farcaster"
    ],
    "primaryCategory": "entertainment",
    "ogTitle": "DreamLab Scenario Simulator",
    "ogImageUrl": "https://usdozf7pplhxfvrl.public.blob.vercel-storage.com/thumbnail_c5619b34-e9b0-4387-86a1-d85796d6b81d-kQsl2p0phSUtirtx5RC5QY0FYYwNHO"
  },
  "baseBuilder": {
    "allowedAddresses": [
      ""
    ]
  },
  "accountAssociation": {
    "header": "eyJmaWQiOjE0NzcxNDIsInR5cGUiOiJhdXRoIiwia2V5IjoiMHg3RDc5RTkwMjQ4MjQ2OWRBNjQ5NzdkMkIwOTc3MTIwQzc3MDI5NTkzIn0",
    "payload": "eyJkb21haW4iOiJ0cmFjZS10b2RheS01NjkuYXBwLm9oYXJhLmFpIn0",
    "signature": "57LqnmVYO5odGkwxBxetRMqBGnKtjV783sO6r3P+dLknXHShjzVmV4fqK150AxT5yANsvmDXNNKgdVD6V7bhYxw="
  }
}
