{
  "miniapp": {
    "version": "1",
    "name": "DreamNet Control App",
    "iconUrl": "https://usdozf7pplhxfvrl.public.blob.vercel-storage.com/thumbnail_0d6fa450-34e0-49d1-9cf2-020458cb467a-zbTC7T31UMqLgHReTnfBRO0MvgRAdy",
    "homeUrl": "https://basic-rising-871.app.ohara.ai",
    "imageUrl": "https://usdozf7pplhxfvrl.public.blob.vercel-storage.com/thumbnail_0d6fa450-34e0-49d1-9cf2-020458cb467a-zbTC7T31UMqLgHReTnfBRO0MvgRAdy",
    "buttonTitle": "Open with Ohara",
    "splashImageUrl": "https://usdozf7pplhxfvrl.public.blob.vercel-storage.com/farcaster/splash_images/splash_image1.svg",
    "splashBackgroundColor": "#ffffff",
    "tags": [
      "ohara",
      "mini-app",
      "base",
      "farcaster"
    ],
    "primaryCategory": "entertainment",
    "ogTitle": "DreamNet Control App",
    "ogImageUrl": "https://usdozf7pplhxfvrl.public.blob.vercel-storage.com/thumbnail_0d6fa450-34e0-49d1-9cf2-020458cb467a-zbTC7T31UMqLgHReTnfBRO0MvgRAdy"
  },
  "baseBuilder": {
    "allowedAddresses": [
      ""
    ]
  },
  "accountAssociation": {
    "header": "eyJmaWQiOjE0NzcxNDIsInR5cGUiOiJjdXN0b2R5Iiwia2V5IjoiMHhENmMyNDdkRTgzMUI0MTkwYWZCYzM0ZTNhOTlDYzZGNzVDNjgwMEU2In0",
    "payload": "eyJkb21haW4iOiJiYXNpYy1yaXNpbmctODcxLmFwcC5vaGFyYS5haSJ9",
    "signature": "xhbDef2ADQw6fy05pJCD4jM1ycKHdUvdEN0akUfDlw4Ub/u204unXpKDkx7CQciPBjCp73bKCvcYvVh2nA4zChw="
  }
}
