{
  "miniapp": {
    "version": "1",
    "name": "Startup Kit Generator",
    "iconUrl": "https://usdozf7pplhxfvrl.public.blob.vercel-storage.com/thumbnail_7e0e512f-9de4-4c55-93bc-ee626c1c1145-i6Wfd3wTZXksGyu6VDFUe2LzaxyPiZ",
    "homeUrl": "https://strange-feed-200.app.ohara.ai",
    "imageUrl": "https://usdozf7pplhxfvrl.public.blob.vercel-storage.com/thumbnail_7e0e512f-9de4-4c55-93bc-ee626c1c1145-i6Wfd3wTZXksGyu6VDFUe2LzaxyPiZ",
    "buttonTitle": "Open with Ohara",
    "splashImageUrl": "https://usdozf7pplhxfvrl.public.blob.vercel-storage.com/farcaster/splash_images/splash_image1.svg",
    "splashBackgroundColor": "#ffffff",
    "tags": [
      "ohara",
      "mini-app",
      "base",
      "farcaster"
    ],
    "primaryCategory": "entertainment",
    "ogTitle": "Startup Kit Generator",
    "ogImageUrl": "https://usdozf7pplhxfvrl.public.blob.vercel-storage.com/thumbnail_7e0e512f-9de4-4c55-93bc-ee626c1c1145-i6Wfd3wTZXksGyu6VDFUe2LzaxyPiZ"
  },
  "baseBuilder": {
    "allowedAddresses": [
      ""
    ]
  },
  "accountAssociation": {
    "header": "eyJmaWQiOjE0NzcxNDIsInR5cGUiOiJjdXN0b2R5Iiwia2V5IjoiMHhENmMyNDdkRTgzMUI0MTkwYWZCYzM0ZTNhOTlDYzZGNzVDNjgwMEU2In0",
    "payload": "eyJkb21haW4iOiJzdHJhbmdlLWZlZWQtMjAwLmFwcC5vaGFyYS5haSJ9",
    "signature": "mYpRO+avQmNdckd3vrW3p+tkF4bPLgSKNPgKUrhZz7oEr/Sv1mfAyKQZfkEmX4SOjGJqDpH2MND0fXh0OkThExs="
  }
}
