{
  "miniapp": {
    "version": "1",
    "name": "DreamNet Backend Designer",
    "iconUrl": "https://usdozf7pplhxfvrl.public.blob.vercel-storage.com/thumbnail_904eb108-69f0-4303-99da-41bfcb7d448f-KkDw5Y8nJTy4oYjMXm6QemMEPgXGnf",
    "homeUrl": "https://cook-road-423.app.ohara.ai",
    "imageUrl": "https://usdozf7pplhxfvrl.public.blob.vercel-storage.com/thumbnail_904eb108-69f0-4303-99da-41bfcb7d448f-KkDw5Y8nJTy4oYjMXm6QemMEPgXGnf",
    "buttonTitle": "Open with Ohara",
    "splashImageUrl": "https://usdozf7pplhxfvrl.public.blob.vercel-storage.com/farcaster/splash_images/splash_image1.svg",
    "splashBackgroundColor": "#ffffff",
    "tags": [
      "ohara",
      "mini-app",
      "base",
      "farcaster"
    ],
    "primaryCategory": "entertainment",
    "ogTitle": "DreamNet Backend Designer",
    "ogImageUrl": "https://usdozf7pplhxfvrl.public.blob.vercel-storage.com/thumbnail_904eb108-69f0-4303-99da-41bfcb7d448f-KkDw5Y8nJTy4oYjMXm6QemMEPgXGnf"
  },
  "baseBuilder": {
    "allowedAddresses": [
      ""
    ]
  },
  "accountAssociation": {
    "header": "eyJmaWQiOjE0NzcxNDIsInR5cGUiOiJhdXRoIiwia2V5IjoiMHg3RDc5RTkwMjQ4MjQ2OWRBNjQ5NzdkMkIwOTc3MTIwQzc3MDI5NTkzIn0",
    "payload": "eyJkb21haW4iOiJjb29rLXJvYWQtNDIzLmFwcC5vaGFyYS5haSJ9",
    "signature": "PcREkuzyVOJQB02V6hjI3psKn0NFkPY6N06sLwhnK91Um1hz4ZVh1KjOOiiGeW3dzaLrSAKxItrCcHLGr3VVfhs="
  }
}
