{
  "miniapp": {
    "version": "1",
    "name": "Local Discovery Genie",
    "iconUrl": "https://usdozf7pplhxfvrl.public.blob.vercel-storage.com/thumbnail_eb1c13ef-3dcc-4648-9446-ab8f2933feb7-5YwnKKaLDJj6BQKMwFLXQBV6H49xFO",
    "homeUrl": "https://sent-studied-973.app.ohara.ai",
    "imageUrl": "https://usdozf7pplhxfvrl.public.blob.vercel-storage.com/thumbnail_eb1c13ef-3dcc-4648-9446-ab8f2933feb7-5YwnKKaLDJj6BQKMwFLXQBV6H49xFO",
    "buttonTitle": "Open with Ohara",
    "splashImageUrl": "https://usdozf7pplhxfvrl.public.blob.vercel-storage.com/farcaster/splash_images/splash_image1.svg",
    "splashBackgroundColor": "#ffffff",
    "tags": [
      "ohara",
      "mini-app",
      "base",
      "farcaster"
    ],
    "primaryCategory": "entertainment",
    "ogTitle": "Local Discovery Genie",
    "ogImageUrl": "https://usdozf7pplhxfvrl.public.blob.vercel-storage.com/thumbnail_eb1c13ef-3dcc-4648-9446-ab8f2933feb7-5YwnKKaLDJj6BQKMwFLXQBV6H49xFO"
  },
  "baseBuilder": {
    "allowedAddresses": [
      ""
    ]
  }
}
