{
  "miniapp": {
    "version": "1",
    "name": "DreamBlade Trials",
    "iconUrl": "https://usdozf7pplhxfvrl.public.blob.vercel-storage.com/thumbnail_e6127e57-2258-4a59-9fd7-46c54e707535-EkWheUhDKLKx1lSWGvxNNqLP0qPMwC",
    "homeUrl": "https://have-supply-343.app.ohara.ai",
    "imageUrl": "https://usdozf7pplhxfvrl.public.blob.vercel-storage.com/thumbnail_e6127e57-2258-4a59-9fd7-46c54e707535-EkWheUhDKLKx1lSWGvxNNqLP0qPMwC",
    "buttonTitle": "Open with Ohara",
    "splashImageUrl": "https://usdozf7pplhxfvrl.public.blob.vercel-storage.com/farcaster/splash_images/splash_image1.svg",
    "splashBackgroundColor": "#ffffff",
    "tags": [
      "ohara",
      "mini-app",
      "base",
      "farcaster"
    ],
    "primaryCategory": "entertainment",
    "ogTitle": "DreamBlade Trials",
    "ogImageUrl": "https://usdozf7pplhxfvrl.public.blob.vercel-storage.com/thumbnail_e6127e57-2258-4a59-9fd7-46c54e707535-EkWheUhDKLKx1lSWGvxNNqLP0qPMwC"
  },
  "baseBuilder": {
    "allowedAddresses": [
      ""
    ]
  },
  "accountAssociation": {
    "header": "eyJmaWQiOjE0NzcxNDIsInR5cGUiOiJjdXN0b2R5Iiwia2V5IjoiMHhENmMyNDdkRTgzMUI0MTkwYWZCYzM0ZTNhOTlDYzZGNzVDNjgwMEU2In0",
    "payload": "eyJkb21haW4iOiJoYXZlLXN1cHBseS0zNDMuYXBwLm9oYXJhLmFpIn0",
    "signature": "g3nlzz0cF4x/uMKF25d402JWbue/cRkUNAEEr4hbG4wBPQhCqdP60MYEeTCwKzwiQL4jTBMAPd0LLPg2XjAakxw="
  }
}
