{
  "miniapp": {
    "version": "1",
    "name": "Offer Design Lab",
    "iconUrl": "https://usdozf7pplhxfvrl.public.blob.vercel-storage.com/thumbnail_3ae69172-a1e0-4241-aa83-ef5105559335-FhTPw0r0pKpBaYBDRRQS9cc7qBNfJU",
    "homeUrl": "https://fourth-lake-867.app.ohara.ai",
    "imageUrl": "https://usdozf7pplhxfvrl.public.blob.vercel-storage.com/thumbnail_3ae69172-a1e0-4241-aa83-ef5105559335-FhTPw0r0pKpBaYBDRRQS9cc7qBNfJU",
    "buttonTitle": "Open with Ohara",
    "splashImageUrl": "https://usdozf7pplhxfvrl.public.blob.vercel-storage.com/farcaster/splash_images/splash_image1.svg",
    "splashBackgroundColor": "#ffffff",
    "tags": [
      "ohara",
      "mini-app",
      "base",
      "farcaster"
    ],
    "primaryCategory": "entertainment",
    "ogTitle": "Offer Design Lab",
    "ogImageUrl": "https://usdozf7pplhxfvrl.public.blob.vercel-storage.com/thumbnail_3ae69172-a1e0-4241-aa83-ef5105559335-FhTPw0r0pKpBaYBDRRQS9cc7qBNfJU"
  },
  "baseBuilder": {
    "allowedAddresses": [
      ""
    ]
  },
  "accountAssociation": {
    "header": "eyJmaWQiOjE0NzcxNDIsInR5cGUiOiJhdXRoIiwia2V5IjoiMHg3RDc5RTkwMjQ4MjQ2OWRBNjQ5NzdkMkIwOTc3MTIwQzc3MDI5NTkzIn0",
    "payload": "eyJkb21haW4iOiJmb3VydGgtbGFrZS04NjcuYXBwLm9oYXJhLmFpIn0",
    "signature": "ZAGYYBpfELQ1x9SfLyDBMHf7EM76lnmhyAgBJoQcFB4fCrCdk9U1o6mWRRivFMZxtDCt8NNQ1VJbZZPkem/S8xw="
  }
}
