{
  "miniapp": {
    "version": "1",
    "name": "Bet Insight Analyzer",
    "iconUrl": "https://usdozf7pplhxfvrl.public.blob.vercel-storage.com/thumbnail_c092ba6b-b777-4c7d-aa7f-f85cbfc7cf07-SkULiArobz9I5NchTl9w1upyY9lPG5",
    "homeUrl": "https://average-start-130.app.ohara.ai",
    "imageUrl": "https://usdozf7pplhxfvrl.public.blob.vercel-storage.com/thumbnail_c092ba6b-b777-4c7d-aa7f-f85cbfc7cf07-SkULiArobz9I5NchTl9w1upyY9lPG5",
    "buttonTitle": "Open with Ohara",
    "splashImageUrl": "https://usdozf7pplhxfvrl.public.blob.vercel-storage.com/farcaster/splash_images/splash_image1.svg",
    "splashBackgroundColor": "#ffffff",
    "tags": [
      "ohara",
      "mini-app",
      "base",
      "farcaster"
    ],
    "primaryCategory": "entertainment",
    "ogTitle": "Bet Insight Analyzer",
    "ogImageUrl": "https://usdozf7pplhxfvrl.public.blob.vercel-storage.com/thumbnail_c092ba6b-b777-4c7d-aa7f-f85cbfc7cf07-SkULiArobz9I5NchTl9w1upyY9lPG5"
  },
  "baseBuilder": {
    "allowedAddresses": [
      ""
    ]
  },
  "accountAssociation": {
    "header": "eyJmaWQiOjE0NzcxNDIsInR5cGUiOiJhdXRoIiwia2V5IjoiMHg3RDc5RTkwMjQ4MjQ2OWRBNjQ5NzdkMkIwOTc3MTIwQzc3MDI5NTkzIn0",
    "payload": "eyJkb21haW4iOiJhdmVyYWdlLXN0YXJ0LTEzMC5hcHAub2hhcmEuYWkifQ",
    "signature": "M8lqI3G5iFxNmBQS+wEOgb0TKuojRUDkU7GmlKB6829wVuHHnh553zab2ctNac3YNdO2Rz6NEy5P/yUI/KSmLBw="
  }
}
