{
  "miniapp": {
    "version": "1",
    "name": "Builder's Toolbox",
    "iconUrl": "https://usdozf7pplhxfvrl.public.blob.vercel-storage.com/thumbnail_b75c9793-796b-4822-990f-8417ec6771ac-dxKDbw2tjhBb66XGUpTQNo8f3ZFqS0",
    "homeUrl": "https://brown-win-719.app.ohara.ai",
    "imageUrl": "https://usdozf7pplhxfvrl.public.blob.vercel-storage.com/thumbnail_b75c9793-796b-4822-990f-8417ec6771ac-dxKDbw2tjhBb66XGUpTQNo8f3ZFqS0",
    "buttonTitle": "Open with Ohara",
    "splashImageUrl": "https://usdozf7pplhxfvrl.public.blob.vercel-storage.com/farcaster/splash_images/splash_image1.svg",
    "splashBackgroundColor": "#ffffff",
    "tags": [
      "ohara",
      "mini-app",
      "base",
      "farcaster"
    ],
    "primaryCategory": "entertainment",
    "ogTitle": "Builder's Toolbox",
    "ogImageUrl": "https://usdozf7pplhxfvrl.public.blob.vercel-storage.com/thumbnail_b75c9793-796b-4822-990f-8417ec6771ac-dxKDbw2tjhBb66XGUpTQNo8f3ZFqS0",
    "screenshotUrls": []
  },
  "baseBuilder": {
    "ownerAddress": ""
  }
}
