{
  "miniapp": {
    "version": "1",
    "name": "LedgerLens Insight",
    "iconUrl": "https://usdozf7pplhxfvrl.public.blob.vercel-storage.com/thumbnail_33596558-b547-4424-827d-e1c4a3742775-IQ1JQYS1tUsliTY1VW6J8ymhOaPyta",
    "homeUrl": "https://atmosphere-driven-804.app.ohara.ai",
    "imageUrl": "https://usdozf7pplhxfvrl.public.blob.vercel-storage.com/thumbnail_33596558-b547-4424-827d-e1c4a3742775-IQ1JQYS1tUsliTY1VW6J8ymhOaPyta",
    "buttonTitle": "Open with Ohara",
    "splashImageUrl": "https://usdozf7pplhxfvrl.public.blob.vercel-storage.com/farcaster/splash_images/splash_image1.svg",
    "splashBackgroundColor": "#ffffff",
    "tags": [
      "ohara",
      "mini-app",
      "base",
      "farcaster"
    ],
    "primaryCategory": "entertainment",
    "ogTitle": "LedgerLens Insight",
    "ogImageUrl": "https://usdozf7pplhxfvrl.public.blob.vercel-storage.com/thumbnail_33596558-b547-4424-827d-e1c4a3742775-IQ1JQYS1tUsliTY1VW6J8ymhOaPyta"
  },
  "baseBuilder": {
    "allowedAddresses": [
      ""
    ]
  },
  "accountAssociation": {
    "header": "eyJmaWQiOjE0NzcxNDIsInR5cGUiOiJhdXRoIiwia2V5IjoiMHg3RDc5RTkwMjQ4MjQ2OWRBNjQ5NzdkMkIwOTc3MTIwQzc3MDI5NTkzIn0",
    "payload": "eyJkb21haW4iOiJhdG1vc3BoZXJlLWRyaXZlbi04MDQuYXBwLm9oYXJhLmFpIn0",
    "signature": "x9Ut+5AiZmcfy/qt07eAH9K7JZBj3z3WSTi7+Sib7fcbKwhrzVs7BQrf5b7TrcTM1yrPBTDO9mvi+GerOxkGkhw="
  }
}
