{
  "miniapp": {
    "version": "1",
    "name": "ReceiptNet",
    "iconUrl": "https://usdozf7pplhxfvrl.public.blob.vercel-storage.com/thumbnail_4bad3d96-01d1-4603-96d5-02a1accf79cb-elhVONsx2AoDTF5wvgeckAEFte3T90",
    "homeUrl": "https://amount-chart-677.app.ohara.ai",
    "imageUrl": "https://usdozf7pplhxfvrl.public.blob.vercel-storage.com/thumbnail_4bad3d96-01d1-4603-96d5-02a1accf79cb-elhVONsx2AoDTF5wvgeckAEFte3T90",
    "buttonTitle": "Open with Ohara",
    "splashImageUrl": "https://usdozf7pplhxfvrl.public.blob.vercel-storage.com/farcaster/splash_images/splash_image1.svg",
    "splashBackgroundColor": "#ffffff",
    "tags": [
      "ohara",
      "mini-app",
      "base",
      "farcaster"
    ],
    "primaryCategory": "entertainment",
    "ogTitle": "ReceiptNet",
    "ogImageUrl": "https://usdozf7pplhxfvrl.public.blob.vercel-storage.com/thumbnail_4bad3d96-01d1-4603-96d5-02a1accf79cb-elhVONsx2AoDTF5wvgeckAEFte3T90"
  },
  "baseBuilder": {
    "allowedAddresses": [
      ""
    ]
  },
  "accountAssociation": {
    "header": "eyJmaWQiOjE0NzcxNDIsInR5cGUiOiJhdXRoIiwia2V5IjoiMHg3RDc5RTkwMjQ4MjQ2OWRBNjQ5NzdkMkIwOTc3MTIwQzc3MDI5NTkzIn0",
    "payload": "eyJkb21haW4iOiJhbW91bnQtY2hhcnQtNjc3LmFwcC5vaGFyYS5haSJ9",
    "signature": "JAGVNJDlntelCqiTSc9h1/LkVbkQLnFK2sSEmlF0d/UlaOIz9LrlnRGY0IKQy5hLWcKHCX0yVQaKe81xEYz6Khs="
  }
}
