{
  "miniapp": {
    "version": "1",
    "name": "Action Planner & Permission Hub",
    "iconUrl": "https://usdozf7pplhxfvrl.public.blob.vercel-storage.com/thumbnail_e1d49709-f99d-46e1-92ff-b9862e0b1136-cTa1FG6hVOldo8hmXn5C6QYqCAhzPW",
    "homeUrl": "https://complete-light-704.app.ohara.ai",
    "imageUrl": "https://usdozf7pplhxfvrl.public.blob.vercel-storage.com/thumbnail_e1d49709-f99d-46e1-92ff-b9862e0b1136-cTa1FG6hVOldo8hmXn5C6QYqCAhzPW",
    "buttonTitle": "Open with Ohara",
    "splashImageUrl": "https://usdozf7pplhxfvrl.public.blob.vercel-storage.com/farcaster/splash_images/splash_image1.svg",
    "splashBackgroundColor": "#ffffff",
    "tags": [
      "ohara",
      "mini-app",
      "base",
      "farcaster"
    ],
    "primaryCategory": "entertainment",
    "ogTitle": "Action Planner & Permission Hub",
    "ogImageUrl": "https://usdozf7pplhxfvrl.public.blob.vercel-storage.com/thumbnail_e1d49709-f99d-46e1-92ff-b9862e0b1136-cTa1FG6hVOldo8hmXn5C6QYqCAhzPW"
  },
  "baseBuilder": {
    "allowedAddresses": [
      ""
    ]
  },
  "accountAssociation": {
    "header": "eyJmaWQiOjE0NzcxNDIsInR5cGUiOiJhdXRoIiwia2V5IjoiMHg3RDc5RTkwMjQ4MjQ2OWRBNjQ5NzdkMkIwOTc3MTIwQzc3MDI5NTkzIn0",
    "payload": "eyJkb21haW4iOiJjb21wbGV0ZS1saWdodC03MDQuYXBwLm9oYXJhLmFpIn0",
    "signature": "dN3DlJItnolEMg319iiER8/Kp97jIDjLMU8uqbvXs2Ra3BUYIHvxIOFlediw++NjXFUINfG2gE1Fmz8UUlZsExw="
  }
}
