{
  "miniapp": {
    "version": "1",
    "name": "Goldback Valuator",
    "iconUrl": "https://usdozf7pplhxfvrl.public.blob.vercel-storage.com/thumbnail_8da5f346-677a-4b6b-bb85-6b9e36b063a0-Y9e9xDChT864T3u6KDRMCfxyF4jsZF",
    "homeUrl": "https://certainly-gun-398.app.ohara.ai",
    "imageUrl": "https://usdozf7pplhxfvrl.public.blob.vercel-storage.com/thumbnail_8da5f346-677a-4b6b-bb85-6b9e36b063a0-Y9e9xDChT864T3u6KDRMCfxyF4jsZF",
    "buttonTitle": "Open with Ohara",
    "splashImageUrl": "https://usdozf7pplhxfvrl.public.blob.vercel-storage.com/farcaster/splash_images/splash_image1.svg",
    "splashBackgroundColor": "#ffffff",
    "tags": [
      "ohara",
      "mini-app",
      "base",
      "farcaster"
    ],
    "primaryCategory": "entertainment",
    "ogTitle": "Goldback Valuator",
    "ogImageUrl": "https://usdozf7pplhxfvrl.public.blob.vercel-storage.com/thumbnail_8da5f346-677a-4b6b-bb85-6b9e36b063a0-Y9e9xDChT864T3u6KDRMCfxyF4jsZF"
  },
  "baseBuilder": {
    "allowedAddresses": [
      ""
    ]
  },
  "accountAssociation": {
    "header": "eyJmaWQiOjE0NzcxNDIsInR5cGUiOiJhdXRoIiwia2V5IjoiMHg3RDc5RTkwMjQ4MjQ2OWRBNjQ5NzdkMkIwOTc3MTIwQzc3MDI5NTkzIn0",
    "payload": "eyJkb21haW4iOiJjZXJ0YWlubHktZ3VuLTM5OC5hcHAub2hhcmEuYWkifQ",
    "signature": "/pptb6MUqXz/nMIeHzCLA8B1YzBpiuF3DApeWeoGjsQyuNDGp8CebGA4Thsu5vRY3wekltmSA3/GOqGEc1Hpths="
  }
}
