{
  "miniapp": {
    "version": "1",
    "name": "DreamNet ScriptLab",
    "iconUrl": "https://usdozf7pplhxfvrl.public.blob.vercel-storage.com/thumbnail_d058fafd-5aaf-4008-94fe-6ab8576bdb41-Es5qqo7hXRCcZ8faVARvJkgIur5eOc",
    "homeUrl": "https://bicycle-than-704.app.ohara.ai",
    "imageUrl": "https://usdozf7pplhxfvrl.public.blob.vercel-storage.com/thumbnail_d058fafd-5aaf-4008-94fe-6ab8576bdb41-Es5qqo7hXRCcZ8faVARvJkgIur5eOc",
    "buttonTitle": "Open with Ohara",
    "splashImageUrl": "https://usdozf7pplhxfvrl.public.blob.vercel-storage.com/farcaster/splash_images/splash_image1.svg",
    "splashBackgroundColor": "#ffffff",
    "tags": [
      "ohara",
      "mini-app",
      "base",
      "farcaster"
    ],
    "primaryCategory": "entertainment",
    "ogTitle": "DreamNet ScriptLab",
    "ogImageUrl": "https://usdozf7pplhxfvrl.public.blob.vercel-storage.com/thumbnail_d058fafd-5aaf-4008-94fe-6ab8576bdb41-Es5qqo7hXRCcZ8faVARvJkgIur5eOc"
  },
  "baseBuilder": {
    "allowedAddresses": [
      ""
    ]
  },
  "accountAssociation": {
    "header": "eyJmaWQiOjE0NzcxNDIsInR5cGUiOiJhdXRoIiwia2V5IjoiMHg3RDc5RTkwMjQ4MjQ2OWRBNjQ5NzdkMkIwOTc3MTIwQzc3MDI5NTkzIn0",
    "payload": "eyJkb21haW4iOiJiaWN5Y2xlLXRoYW4tNzA0LmFwcC5vaGFyYS5haSJ9",
    "signature": "atJWGZLOBQzI2QjbyHimRnieVI7wA35RHinpGAtZmgJF0x4LhNoaT53TnWq42NtZSBKlK9NzbEI5OjiI0NLVMxw="
  }
}
